id,title,url,image,sale_price,original_price,brand,sizes,detail_images,description
-126136507124168775,Giày Adidas Chính Hãng - ULTRA BOOST 22 COLD.RDY 2.0 - Màu Xanh Đen | JapanSport GX6692,https://giaynhatchinhhang.vn/adidas-ultra-boost-22-cold-rdy-2-0-gx6692,https://bizweb.dktcdn.net/thumb/medium/100/347/092/products/image-1680688660733-d090e449b2d24eb8a1b80a5e8f85213b.png?v=1765278850830,2.180.000₫,5.000.000₫,Adidas,"['40.5', '41']",https://bizweb.dktcdn.net/100/347/092/products/image-1680688660733-d090e449b2d24eb8a1b80a5e8f85213b.png?v=1765278850830;https://bizweb.dktcdn.net/100/347/092/products/gx6692-png-52ff1ff00282445d80f3a5bca7d8a01b-11zon.jpg?v=1765278850830;https://bizweb.dktcdn.net/100/347/092/products/image1680688660715-fe64db1be95e4b25b4df42508f7d6438.png?v=1765278850830;https://bizweb.dktcdn.net/100/347/092/products/image-1680688660726-e12a0054788444618ad0a2fc31855b1c.png?v=1765278850830;https://bizweb.dktcdn.net/100/347/092/products/image-1680688660753-44cbd0a3f1db458facdc4186d00f9335.png?v=1765266239833,"ULTRA BOOST 22 COLD.RDY 2.0 | JapanSport GX6692;Được làm bằng một loạt các vật liệu tái chế, phần trên này có ít nhất 50% nội dung tái chế. Sản phẩm này chỉ là một trong những giải pháp của chúng tôi để giúp chấm dứt rác thải nhựa.Hàng trăm viên nang BOOST được kết hợp với nhau và được thiết kế để trả lại năng lượng đáng kinh ngạc.Đế ngoài cho lực kéo hoàn hảo trên mọi bề mặt trong điều kiện ẩm ướt và lạnh giá.Khi adidas Ultraboost ra mắt vào năm 2015, nó đã thiết lập tiêu chuẩn cho sự thoải mái và hiệu suất của một đôi giày chạy bộ. Mỗi bản phát hành mới đều nâng tầm và điều này cũng không ngoại lệ. Đôi giày chạy bộ này được chế tạo để chạy trong thời tiết lạnh, có tính năng COLD.RDY để giữ ấm cho bàn chân. Đế giữa BOOST hoàn trả năng lượng có khả năng phản chiếu, vì vậy nó tỏa sáng từ hoàng hôn đến bình minh. Đế ngoài bằng cao su Continental ™ Wintergrip ™ đảm bảo độ bám chắc chắn trên những con đường trơn trượt.;Thông tin chi tiết;Đóng ren;adidas PRIMEKNIT dệt trên;COLD.RDY;Hệ thống đẩy năng lượng tuyến tính;Đế giữa phản quang BOOST;3 sọc phản quang;Độ rơi của đế giữa: 10 mm (gót chân: 25 mm / mũi chân trước: 15 mm);Đế ngoài Stretchweb bằng Cao su Continental ™ WinterGrip ™;Upper chứa tối thiểu 50% nội dung tái chế;Màu sản phẩm: Xanh dương Rush / Trắng mây / Đen lõi;Mã sản phẩm: GX6692"
-1704254605481341697,Giày Adidas Chính Hãng - Black Tech Response 3.0 Golf - Màu Đen | JapanSport GV6890,https://giaynhatchinhhang.vn/giay-adidas-black-tech-response-3-0-gv6890,https://bizweb.dktcdn.net/thumb/medium/100/347/092/products/tech-response-3-0-golf-shoes-black-gv6890-01-standard.jpg?v=1764983198000,1.150.000₫,2.600.000₫,Adidas,"['41', '42']",https://bizweb.dktcdn.net/100/347/092/products/tech-response-3-0-golf-shoes-black-gv6890-01-standard.jpg?v=1764983198000;https://bizweb.dktcdn.net/100/347/092/products/tech-response-3-0-golf-shoes-black-gv6890-02-standard-hover.jpg?v=1764983199223;https://bizweb.dktcdn.net/100/347/092/products/tech-response-3-0-golf-shoes-black-gv6890-03-standard.jpg?v=1764983200623;https://bizweb.dktcdn.net/100/347/092/products/tech-response-3-0-golf-shoes-black-gv6890-04-standard.jpg?v=1764983201997;https://bizweb.dktcdn.net/100/347/092/products/tech-response-3-0-golf-shoes-black-gv6890-05-standard.jpg?v=1764983203113;https://bizweb.dktcdn.net/100/347/092/products/tech-response-3-0-golf-shoes-black-gv6890-06-standard.jpg?v=1764983204187;https://bizweb.dktcdn.net/100/347/092/products/tech-response-3-0-golf-shoes-black-gv6890-41-detail.jpg?v=1764983205640;https://bizweb.dktcdn.net/100/347/092/products/tech-response-3-0-golf-shoes-black-gv6890-42-detail.jpg?v=1764983207007,"GIÀY GOLF HIỆU SUẤT THOẢI MÁI, ĐƯỢC LÀM TỪ VẬT LIỆU TÁI CHẾ;Chọn gậy, đọc green và để cú swing lên tiếng khi bạn lướt trên fairway. Giày golf adidas Tech Response 3.0 kết hợp sự thoải mái khi bước vào với cảm giác vững chắc và sự hỗ trợ cần thiết để bạn tiến xa hơn.;Từ thiết kế sáu đinh tán chắc chắn đến sự thoải mái không bị phân tâm của đệm Bounce, Tech Response mang đến hiệu suất vượt trội. Kiểu dáng thể thao cổ điển thể hiện di sản thể thao của adidas và kết hợp hoàn hảo với bộ đồng phục golf yêu thích của bạn để tự tin chơi trên mọi sân. Buộc dây giày, tắt tiếng ồn và leo lên bảng xếp hạng.;Đệm Bounce Đệm Bounce nhẹ mang lại sự thoải mái và linh hoạt vượt trội. Được làm từ một loạt vật liệu tái chế, phần thân giày này có ít nhất 50% thành phần tái chế. Sản phẩm này chỉ là một trong những giải pháp của chúng tôi nhằm góp phần chấm dứt rác thải nhựa.;Thông tin chi tiết;Vừa vặn;Khóa ren;Mặt trên bằng vải và tổng hợp;Đệm đàn hồi chậm quanh cổ giày và lưỡi gà;Lớp lót bằng vải;Đế giữa Bounce;Đế ngoài Traxion;Màu sản phẩm: Xám / Trắng;Mã sản phẩm: GV6889"
-3337531810301719290,Giày Adidas Nam Chính Hãng - Galaxy 7 Running - Màu Đen | JapanSport JQ2625,https://giaynhatchinhhang.vn/adidas-galaxy-7-running-jq2625,https://bizweb.dktcdn.net/thumb/medium/100/347/092/products/giay-chay-bo-galaxy-7-djen-jq2625-hm1-11zon.jpg?v=1764762764057,1.150.000₫,1.800.000₫,Adidas,"['41', '42', '42.5', '43', '44']",https://bizweb.dktcdn.net/100/347/092/products/giay-chay-bo-galaxy-7-djen-jq2625-hm1-11zon.jpg?v=1764762764057;https://bizweb.dktcdn.net/100/347/092/products/giay-chay-bo-galaxy-7-djen-jq2625-hm4-11zon.jpg?v=1764762768807;https://bizweb.dktcdn.net/100/347/092/products/giay-chay-bo-galaxy-7-djen-jq2625-hm7-11zon.jpg?v=1764762770507;https://bizweb.dktcdn.net/100/347/092/products/giay-chay-bo-galaxy-7-djen-jq2625-hm3-hover-11zon.jpg?v=1764762775397;https://bizweb.dktcdn.net/100/347/092/products/giay-chay-bo-galaxy-7-djen-jq2625-hm11-11zon.jpg?v=1764762775397;https://bizweb.dktcdn.net/100/347/092/products/giay-chay-bo-galaxy-7-djen-jq2625-hm10-11zon.jpg?v=1764762775397;https://bizweb.dktcdn.net/100/347/092/products/giay-chay-bo-galaxy-7-djen-jq2625-hm9-11zon.jpg?v=1764762775397;https://bizweb.dktcdn.net/100/347/092/products/giay-chay-bo-galaxy-7-djen-jq2625-hm8-11zon.jpg?v=1764762775397;https://bizweb.dktcdn.net/100/347/092/products/giay-chay-bo-galaxy-7-djen-jq2625-hm5-11zon.jpg?v=1764762775397;https://bizweb.dktcdn.net/100/347/092/products/giay-chay-bo-galaxy-7-djen-jq2625-hm6-11zon.jpg?v=1764762775397,"Galaxy 7 Running | JapanSportJQ2625;Mỗi lần chạy là một hành trình khám phá. Hãy xỏ chân vào đôi giày chạy bộ adidas này và khám phá tiềm năng của bạn. Đế giữa Cloudfoam nâng đỡ sải chân, giúp bạn luôn thoải mái khi luyện tập sức bền. Thân giày bằng vải dệt bền bỉ mang lại cảm giác hỗ trợ từ những vòng chạy đầu tiên đến 5km đầu tiên.;Thông tin chi tiết;Cỡ giày vừa vặn;Khóa dây;Thân giày bằng vải;Lớp lót bằng vải;Đế giữa Cloudfoam;Đế ngoài TPU;Nhập khẩu;Màu sản phẩm: Đen lõi / Carbon / Lucid Lemon;Mã sản phẩm: JQ2625"
7392133802491443664,Giày Adidas Nam Chính Hãng - Duramo SL 2 - Màu Xanh | JapanSport IH8221,https://giaynhatchinhhang.vn/adidas-duramo-sl-2-ih8221,https://bizweb.dktcdn.net/thumb/medium/100/347/092/products/giay-chay-bo-duramo-sl-2-mau-xanh-da-troi-ih8221-hm1-11zon.jpg?v=1764763048113,1.150.000₫,,Adidas,"['39', '40', '40.5', '41']",https://bizweb.dktcdn.net/100/347/092/products/giay-chay-bo-duramo-sl-2-mau-xanh-da-troi-ih8221-hm1-11zon.jpg?v=1764763048113;https://bizweb.dktcdn.net/100/347/092/products/giay-chay-bo-duramo-sl-2-mau-xanh-da-troi-ih8221-hm11-11zon.jpg?v=1764763048807;https://bizweb.dktcdn.net/100/347/092/products/giay-chay-bo-duramo-sl-2-mau-xanh-da-troi-ih8221-hm10-11zon.jpg?v=1764763048807;https://bizweb.dktcdn.net/100/347/092/products/giay-chay-bo-duramo-sl-2-mau-xanh-da-troi-ih8221-hm9-11zon.jpg?v=1764763048113;https://bizweb.dktcdn.net/100/347/092/products/giay-chay-bo-duramo-sl-2-mau-xanh-da-troi-ih8221-hm7-11zon.jpg?v=1764763048113;https://bizweb.dktcdn.net/100/347/092/products/giay-chay-bo-duramo-sl-2-mau-xanh-da-troi-ih8221-hm8-11zon.jpg?v=1764763048113;https://bizweb.dktcdn.net/100/347/092/products/giay-chay-bo-duramo-sl-2-mau-xanh-da-troi-ih8221-hm5-11zon.jpg?v=1764763048113;https://bizweb.dktcdn.net/100/347/092/products/giay-chay-bo-duramo-sl-2-mau-xanh-da-troi-ih8221-hm6-11zon.jpg?v=1764763048113;https://bizweb.dktcdn.net/100/347/092/products/giay-chay-bo-duramo-sl-2-mau-xanh-da-troi-ih8221-hm3-hover-11zon.jpg?v=1764763048113;https://bizweb.dktcdn.net/100/347/092/products/giay-chay-bo-duramo-sl-2-mau-xanh-da-troi-ih8221-hm4-11zon.jpg?v=1764763048113,"Duramo SL 2 | JapanSport IH8221;Bạn đã đăng ký tham gia giải chạy đầu tiên trong đời. Giờ là lúc tập luyện. Khi bạn rèn luyện sự đều đặn, tốc độ và sức bền, đôi giày chạy bộ adidas này sẽ hỗ trợ bạn — qua từng buổi chạy. Giày có thiết kế nhẹ nhàng và ổn định nhờ thân giày bằng vải lưới thoáng mát và đế giữa LIGHTMOTION toàn phần thích ứng theo sải bước của bạn. Đế ngoài Adiwear bền chắc bám tốt trên vỉa hè cũng như đường chạy điền kinh.;Thông tin chi tiết;Dáng regular fit;Có dây giày;Thân giày bằng chất liệu tổng hợp và vải lưới dệt;Lớp lót bằng chất liệu tổng hợp và vải dệt;Lớp đệm LIGHTMOTION;Đế ngoài Adiwear;Màu sản phẩm: Xanh đậm / Bạc ánh kim / Bạc Halo;Mã sản phẩm: IH8221"
-2384818595692765899,Giày Adidas Nam Chính Hãng - Galaxy 7 Running - Màu Xanh | JapanSport JR4944,https://giaynhatchinhhang.vn/adidas-galaxy-7-running-jr4944,https://bizweb.dktcdn.net/thumb/medium/100/347/092/products/galaxy-7-running-shoes-blue-jr4944-hm1-11zon.jpg?v=1764763184590,1.150.000₫,,Adidas,"['39', '40.5', '41', '42', '42.5', '43', '44']",https://bizweb.dktcdn.net/100/347/092/products/galaxy-7-running-shoes-blue-jr4944-hm1-11zon.jpg?v=1764763184590;https://bizweb.dktcdn.net/100/347/092/products/galaxy-7-running-shoes-blue-jr4944-hm4-11zon.jpg?v=1764763190273;https://bizweb.dktcdn.net/100/347/092/products/galaxy-7-running-shoes-blue-jr4944-hm11-11zon.jpg?v=1764763190273;https://bizweb.dktcdn.net/100/347/092/products/galaxy-7-running-shoes-blue-jr4944-hm10-11zon.jpg?v=1764763190273;https://bizweb.dktcdn.net/100/347/092/products/galaxy-7-running-shoes-blue-jr4944-hm8-11zon.jpg?v=1764763190273;https://bizweb.dktcdn.net/100/347/092/products/galaxy-7-running-shoes-blue-jr4944-hm9-11zon.jpg?v=1764763190273;https://bizweb.dktcdn.net/100/347/092/products/galaxy-7-running-shoes-blue-jr4944-hm5-11zon.jpg?v=1764763190273;https://bizweb.dktcdn.net/100/347/092/products/galaxy-7-running-shoes-blue-jr4944-hm6-11zon.jpg?v=1764763190273;https://bizweb.dktcdn.net/100/347/092/products/galaxy-7-running-shoes-blue-jr4944-hm7-11zon.jpg?v=1764763190273;https://bizweb.dktcdn.net/100/347/092/products/galaxy-7-running-shoes-blue-jr4944-hm3-hover-11zon.jpg?v=1764763190273,"Galaxy 7 Running | JapanSport JR4944;Mỗi lần chạy là một hành trình khám phá. Hãy xỏ chân vào đôi giày chạy bộ adidas này và khám phá tiềm năng của bạn. Đế giữa Cloudfoam nâng đỡ sải chân, giúp bạn luôn thoải mái khi luyện tập sức bền. Thân giày bằng vải dệt bền bỉ mang lại cảm giác hỗ trợ từ những vòng chạy đầu tiên đến 5km đầu tiên.;Thông tin chi tiết;Cỡ giày vừa vặn;Khóa dây;Thân giày bằng vải;Lớp lót bằng vải;Đế giữa Cloudfoam;Đế ngoài TPU;Nhập khẩu;Màu sản phẩm: Xanh đậm / Bạc ánh kim / Đỏ sáng;Mã sản phẩm: JR4944"
-4389808583631501602,Giày Adidas Nam Chính Hãng - Duramo SL 2.0 - Màu Đen | JapanSport IH8218,https://giaynhatchinhhang.vn/giay-adidas-duramo-sl-2-0-ih8218,https://bizweb.dktcdn.net/thumb/medium/100/347/092/products/giay-adidas-duramo-sl-2-0-if9400-1-30d708db-e2e9-423d-817e-8738c83ccb35.jpg?v=1764757411907,1.150.000₫,18.000.000₫,Adidas Japan,"['39', '40', '40.5', '41', '42', '42.5', '43', '44']",https://bizweb.dktcdn.net/100/347/092/products/giay-adidas-duramo-sl-2-0-if9400-1-30d708db-e2e9-423d-817e-8738c83ccb35.jpg?v=1764757411907;https://bizweb.dktcdn.net/100/347/092/products/giay-adidas-duramo-sl-2-0-if9400-2-bee4e64f-d928-4f8f-8e65-556e4fbb36ba.jpg?v=1764757411907;https://bizweb.dktcdn.net/100/347/092/products/giay-adidas-duramo-sl-2-0-if9400-3-aa2ffbf7-fa3a-48b0-91a3-28e896709bbb.jpg?v=1764757411907;https://bizweb.dktcdn.net/100/347/092/products/giay-adidas-duramo-sl-2-0-if9400-4-5643872a-7240-419b-8967-0cb32a8b7fac.jpg?v=1764757411907;https://bizweb.dktcdn.net/100/347/092/products/giay-adidas-duramo-sl-2-0-if9400-5-48b0c9b3-5b1e-436d-b74c-a9647440b821.jpg?v=1764757411907;https://bizweb.dktcdn.net/100/347/092/products/giay-adidas-duramo-sl-2-0-if9400-6-5a4bab8b-106e-4022-b850-742246427e99.jpg?v=1764757411907;https://bizweb.dktcdn.net/100/347/092/products/giay-adidas-duramo-sl-2-0-if9400-7-f1d0d363-678c-4cd3-9eb8-abe6d811b1c6.jpg?v=1764757411907;https://bizweb.dktcdn.net/100/347/092/products/giay-adidas-duramo-sl-2-0-if9400-8-1fc7490a-18d5-475d-850d-12d02d3e22cc.jpg?v=1764757411907;https://bizweb.dktcdn.net/100/347/092/products/giay-adidas-duramo-sl-2-0-if9400-9-09196d37-b2e9-4355-993b-efcf04de821d.jpg?v=1764757411907,"Đôi giày chạy bộ siêu nhẹ dành cho tập luyện cự ly ngắn tới trung bình.;Bạn đã đăng ký tham gia giải chạy đầu tiên trong đời. Giờ là lúc tập luyện. Khi bạn rèn luyện sự đều đặn, tốc độ và sức bền, đôi giày chạy bộ adidas này sẽ hỗ trợ bạn — qua từng buổi chạy. Giày có thiết kế nhẹ nhàng và ổn định nhờ thân giày bằng vải lưới thoáng mát và đế giữa LIGHTMOTION toàn phần thích ứng theo sải bước của bạn. Đế ngoài Adiwear bền chắc bám tốt trên vỉa hè cũng như đường chạy điền kinh.;Dáng regular fit;Có dây giày;Thân giày bằng chất liệu tổng hợp và vải lưới dệt;Lớp lót bằng chất liệu tổng hợp và vải dệt;Lớp đệm LIGHTMOTION;Đế ngoài Adiwear;Trọng lượng: 291 gram (size UK 8.5);Chênh lệch độ cao đế giữa: 9 mm (gót giày 33 mm / mũi giày 24 mm);Màu sản phẩm: Đen lõi / Trắng mây / Xám mức 5;Mã sản phẩm: IH8218"
7919162852372460109,Giày Adidas Nữ Chính Hãng - Swift Run 1.0 Shoes - Màu Hồng Đất | JapanSport ID5942,https://giaynhatchinhhang.vn/adidas-swift-run-1-0-shoes-id5942,https://bizweb.dktcdn.net/thumb/medium/100/347/092/products/swift-run-1-0-shoes-pink-id5942-01-standard-11zon.jpg?v=1764786688343,Liên hệ,2.500.000₫,Adidas,"['37', '38', '38.5', '39']",https://bizweb.dktcdn.net/100/347/092/products/swift-run-1-0-shoes-pink-id5942-01-standard-11zon.jpg?v=1764786688343;https://bizweb.dktcdn.net/100/347/092/products/swift-run-1-0-shoes-pink-id5942-02-standard-hover-hover-hover-hover-hover-11zon.jpg?v=1764786689307;https://bizweb.dktcdn.net/100/347/092/products/swift-run-1-0-shoes-pink-id5942-03-standard-11zon.jpg?v=1764786690030;https://bizweb.dktcdn.net/100/347/092/products/swift-run-1-0-shoes-pink-id5942-05-standard-11zon.jpg?v=1764786693110;https://bizweb.dktcdn.net/100/347/092/products/swift-run-1-0-shoes-pink-id5942-04-standard-11zon.jpg?v=1764786693110;https://bizweb.dktcdn.net/100/347/092/products/swift-run-1-0-shoes-pink-id5942-06-standard-11zon.jpg?v=1764786693110;https://bizweb.dktcdn.net/100/347/092/products/swift-run-1-0-shoes-pink-id5942-42-detail-11zon.jpg?v=1764763340057;https://bizweb.dktcdn.net/100/347/092/products/swift-run-1-0-shoes-pink-id5942-41-detail-11zon.jpg?v=1764763338723,"Swift Run 1.0 Shoes | JapanSport ID5942;Hãy tự tin tỏa sáng cùng đôi giày adidas này. Sự kết hợp hoàn hảo giữa vẻ ngoài năng động và sự thoải mái suốt cả ngày. Đế giữa EVA mang đến cảm giác như đang bước trên mây cho mỗi bước chân. Kiểu dáng thanh lịch, dễ dàng kết hợp với mọi trang phục.;Thông tin chi tiết;Size vừa vặn;Khóa ren;Mặt trên dệt kim;Đế giữa EVA;Lớp lót vải;Đế ngoài cao su;Hàng nhập khẩu;Màu sản phẩm: Hồng đất Putty / Tím Preloved;Mã sản phẩm: ID5942"
8869656011974960321,Giày Adidas Chính Hãng - Giày Chạy Bộ Galaxy 7 - Màu ghi | JapanSport ID8754,https://giaynhatchinhhang.vn/giay-adidas-galaxy-7-id8754,https://bizweb.dktcdn.net/thumb/medium/100/347/092/products/giay-chay-bo-galaxy-7-xam-id8754-hm1-jpeg.jpg?v=1764757370773,1.150.000₫,2.000.000₫,Adidas,"['39', '40', '40.5', '41', '42', '42.5', '43', '44']",https://bizweb.dktcdn.net/100/347/092/products/giay-chay-bo-galaxy-7-xam-id8754-hm1-jpeg.jpg?v=1764757370773;https://bizweb.dktcdn.net/100/347/092/products/galaxy-7-running-shoes-grey-id8754-hm3-hover-jpeg.jpg?v=1764757370773;https://bizweb.dktcdn.net/100/347/092/products/galaxy-7-running-shoes-grey-id8754-hm7-jpeg.jpg?v=1764757350680,Đôi giày chạy bộ nâng đỡ cho cảm giác êm ái.;Mỗi buổi chạy đều là một hành trình khám phá. Hãy mang đôi giày chạy bộ adidas này vào và khai phá tiềm năng của bạn. Đế giữa Cloudfoam nâng niu từng sải bước giúp bạn luôn thoải mái trong quá trình rèn luyện sức bền. Thân giày bằng vải dệt bền bỉ cho cảm giác nâng đỡ từ buổi chạy đầu tiên cho tới 5K đầu tiên.;THÔNG TIN SẢN PHẨM;Dáng regular fit;Có dây giày;Thân giày bằng vải dệt;Lớp lót bằng vải dệt;Đế giữa Cloudfoam;Đế ngoài bằng chất liệu TPU;Trọng lượng: 319 g (size UK 8.5);Chênh lệch độ cao đế giữa: 6 mm (gót giày 35 mm / mũi giày 29 mm);Có chứa tối thiểu 20% thành phần tái chế;Màu sản phẩm: Bạc Halo / Carbon / Đen lõi;Mã sản phẩm: ID8754
-6909543819694349127,Giày Adidas Chính Hãng - Grand Court 2.0 - Màu Trắng | JapanSport GW9213,https://giaynhatchinhhang.vn/adidas-grand-court-2-0-gw9213,https://bizweb.dktcdn.net/thumb/medium/100/347/092/products/giay-grand-court-2-0-trang-gw9213-hm1-11zon.jpg?v=1764663805040,1.050.000₫,2.000.000₫,Adidas Japan,"['43', '44']",https://bizweb.dktcdn.net/100/347/092/products/giay-grand-court-2-0-trang-gw9213-hm1-11zon.jpg?v=1764663805040;https://bizweb.dktcdn.net/100/347/092/products/giay-grand-court-2-0-trang-gw9213-hm3-hover-11zon.jpg?v=1764663806193;https://bizweb.dktcdn.net/100/347/092/products/giay-grand-court-2-0-trang-gw9213-hm5-11zon.jpg?v=1764663841837;https://bizweb.dktcdn.net/100/347/092/products/giay-grand-court-2-0-trang-gw9213-hm6-11zon.jpg?v=1764663841837;https://bizweb.dktcdn.net/100/347/092/products/giay-grand-court-2-0-trang-gw9213-hm7-11zon.jpg?v=1764663841837;https://bizweb.dktcdn.net/100/347/092/products/giay-grand-court-2-0-trang-gw9213-hm4-11zon.jpg?v=1764663841837;https://bizweb.dktcdn.net/100/347/092/products/giay-grand-court-2-0-trang-gw9213-hm8-11zon.jpg?v=1764663813323;https://bizweb.dktcdn.net/100/347/092/products/giay-grand-court-2-0-trang-gw9213-hm9-11zon.jpg?v=1764663814863;https://bizweb.dktcdn.net/100/347/092/products/giay-grand-court-2-0-trang-gw9213-hm10-11zon.jpg?v=1764663816267,"Đôi giày sneaker biểu tượng, mang cả ngày vẫn thoải mái;Có xu hướng nhất thời, và có những giá trị truyền thống bền vững. Đôi giày sneaker adidas Grand Court này đã vượt xa khỏi khuôn khổ sân đấu và sàn diễn thời trang. Giờ đây, chẳng có tủ đồ nào trọn vẹn nếu thiếu chúng. Đệm Cloudfoam Comfort mang lại cảm giác êm ái, ôm chân và nâng đỡ tối đa, trong khi phom dáng cổ điển phối hợp hoàn hảo với mọi trang phục.;Thông tin chi tiết;Kiểu dáng tiêu chuẩn;Có dây giày;Thân giày được làm từ da tổng hợp;Lót giày Cloudfoam Comfort;Lớp lót bằng vải dệt;Đế ngoài bằng cao su;Thân giày có chứa tối thiểu 50% thành phần tái chế;Màu sản phẩm: Trắng mây / Vàng ánh kim;Mã sản phẩm: GW9213"
-5434340078185395153,Giày Adidas Nam Nữ Chính Hãng - Avantage Unisex - MàuTrắng | JapanSport GZ5300,https://giaynhatchinhhang.vn/adidas-advantage-gz5300,https://bizweb.dktcdn.net/thumb/medium/100/347/092/products/giay-advantage-trang-gz5300-01-76ad4ede-d781-404b-b456-722415216399.jpg?v=1764344511877,1.050.000₫,2.000.000₫,Adidas Japan,"['36', '36.5', '37', '38.5', '39', '40', '40.5', '41', '42', '42.5', '43', '44']",https://bizweb.dktcdn.net/100/347/092/products/giay-advantage-trang-gz5300-01-76ad4ede-d781-404b-b456-722415216399.jpg?v=1764344511877;https://bizweb.dktcdn.net/100/347/092/products/giay-advantage-trang-gz5300-07-2f9b5d19-99b1-407d-95b6-1cc6a6f314a3.jpg?v=1764344511877;https://bizweb.dktcdn.net/100/347/092/products/giay-advantage-trang-gz5300-02-e7200cf0-60b3-4ba0-928d-18636a7abe2d.jpg?v=1764344511877;https://bizweb.dktcdn.net/100/347/092/products/giay-advantage-trang-gz5300-03-fbc3ed19-7065-4c1d-a9c8-3613b2901b3a.jpg?v=1764344511877;https://bizweb.dktcdn.net/100/347/092/products/giay-advantage-trang-gz5300-04-5b96a5be-1a80-4fc1-8df9-03b6aab3e38a.jpg?v=1764344511877;https://bizweb.dktcdn.net/100/347/092/products/giay-advantage-trang-gz5300-06-1be7cf4f-474b-4fde-bbcd-534828b6ba73.jpg?v=1764344511877,"ADVANTAGE GZ5300;ĐÔI GIÀY CHO PHONG CÁCH CLASSIC VÀ KIỂU DÁNG HIỆN ĐẠI.;Đôi giày adidas phong cách tennis này kết hợp diện mạo kinh điển với thiết kế hiện đại thoải mái. Kiểu dáng mềm mại mà vừa khít, ôm chân tự nhiên. Tự tin sải bước với độ bám chắc chắn trên mọi bề mặt. Sản phẩm này may bằng vải công nghệ Primegreen, thuộc dòng chất liệu tái chế hiệu năng cao. Thân giày chứa 50% thành phần tái chế. Không sử dụng polyester nguyên sinh.;THÔNG SỐ;Dáng regular fit;Có dây giày;Thân giày bằng chất liệu tổng hợp;Lớp lót bằng vải dệt;Cảm giác mềm mại;Lót giày Cloudfoam Comfort;Đế ngoài bằng cao su;Primegreen;Màu sản phẩm: Trắng mây / Xanh lá;Mã sản phẩm: GZ5300"
-3161874574275760164,Giày Adidas Chính Hãng - Lightblaze - Màu Đen/Hồng | JapanSport JR1299,https://giaynhatchinhhang.vn/adidas-lightblaze-jr1299,https://bizweb.dktcdn.net/thumb/medium/100/347/092/products/jr1299-1.jpg?v=1764186561680,930.000₫,2.200.000₫,Adidas,"['39', '40']",https://bizweb.dktcdn.net/100/347/092/products/jr1299-1.jpg?v=1764186561680;https://bizweb.dktcdn.net/100/347/092/products/jr1299-1-2cff40c1-1907-4a43-9bed-2fe8d6aaf8af.jpg?v=1764186583137;https://bizweb.dktcdn.net/100/347/092/products/jr1299-2.jpg?v=1764186583567;https://bizweb.dktcdn.net/100/347/092/products/jr1299-3.jpg?v=1764186584243;https://bizweb.dktcdn.net/100/347/092/products/jr1299-4.jpg?v=1764186584853;https://bizweb.dktcdn.net/100/347/092/products/jr1299-5.jpg?v=1764186585430;https://bizweb.dktcdn.net/100/347/092/products/jr1299-6.jpg?v=1764186586133;https://bizweb.dktcdn.net/100/347/092/products/jr1299-7.jpg?v=1764186587140;https://bizweb.dktcdn.net/100/347/092/products/jr1299-8.jpg?v=1764186587920,"Giày thể thao adidas Sportswear;Lựa chọn hoàn hảo cho các bé gái năng động, yêu thích sự thoải mái và phong cách hiện đại. Được làm từ chất liệu vải nhẹ, giày mang lại sự thoải mái cho cả trang phục thường ngày lẫn các hoạt động thể thao. Công nghệ Lightmotion đảm bảo khả năng đệm êm ái, hỗ trợ chuyển động tự nhiên của bàn chân và tiếp thêm năng lượng cho mỗi bước chân. Đôi giày thể thao này không chỉ mang đến sự tiện dụng mà còn sở hữu thiết kế thời trang, hoàn hảo để bé tự tin chinh phục mọi phong cách. Hoàn hảo để chinh phục cả ngày dài với sự thoải mái tuyệt đối!;Thông tin chi tiết;Chất liệu đế trong: Vải;Chất liệu bên trong: Vải;Chất liệu bên ngoài: Da lộn tự nhiên,;Vải Chất liệu đế ngoài: Cao su;Công nghệ: Lightmotion"
-1276660062843810045,Giày Adidas Chính Hãng - Lightblaze Moc - Màu Đen | JapanSport JH7039,https://giaynhatchinhhang.vn/adidas-lightblaze-moc-jh7039,https://bizweb.dktcdn.net/thumb/medium/100/347/092/products/giay-lightblaze-moc-djen-jh7039-01-00-standard-11zon.jpg?v=1764135083610,980.000₫,1.600.000₫,Adidas,"['42', '43']",https://bizweb.dktcdn.net/100/347/092/products/giay-lightblaze-moc-djen-jh7039-01-00-standard-11zon.jpg?v=1764135083610;https://bizweb.dktcdn.net/100/347/092/products/giay-lightblaze-moc-djen-jh7039-02-standard-hover-11zon.jpg?v=1764135084707;https://bizweb.dktcdn.net/100/347/092/products/giay-lightblaze-moc-djen-jh7039-03-standard-11zon.jpg?v=1764135085830;https://bizweb.dktcdn.net/100/347/092/products/giay-lightblaze-moc-djen-jh7039-04-standard-11zon.jpg?v=1764135086953;https://bizweb.dktcdn.net/100/347/092/products/giay-lightblaze-moc-djen-jh7039-05-standard-11zon.jpg?v=1764135088017;https://bizweb.dktcdn.net/100/347/092/products/giay-lightblaze-moc-djen-jh7039-06-standard-11zon.jpg?v=1764135088927;https://bizweb.dktcdn.net/100/347/092/products/giay-lightblaze-moc-djen-jh7039-09-standard-11zon.jpg?v=1764135089890;https://bizweb.dktcdn.net/100/347/092/products/giay-lightblaze-moc-djen-jh7039-41-detail-11zon.jpg?v=1764135091283;https://bizweb.dktcdn.net/100/347/092/products/giay-lightblaze-moc-djen-jh7039-42-detail-11zon.jpg?v=1764135092763,"Đôi giày không dây với lớp đệm siêu nhẹ.;Trải nghiệm sự thoải mái bắt kịp lối sống năng động của bạn với đôi giày adidas này. Giày có thiết kế slip-on và thân giày bằng chất liệu tổng hợp nhanh khô. Lớp đệm Lightstrike cho cảm giác siêu nhẹ và khả năng chống sốc. Bất kể bạn chuẩn bị tới hồ bơi hay đơn giản là tận hưởng một ngày thư giãn tại nhà, đôi dép này sẽ đồng hành cùng bạn.;Thông tin chi tiết;Dáng regular fit;Không dây;Thân giày bằng chất liệu tổng hợp;Nhanh khô;Lớp lót bằng chất liệu tổng hợp;Lớp đệm Lightstrike;Đế ngoài bằng chất liệu tổng hợp;Màu sản phẩm: Đen lõi / Carbon;Mã sản phẩm: JH7039"
-8062680727984877161,Giày Adidas Nam Chính Hãng - PUREBOOST 5 - Màu xám | JapanSport JH6442,https://giaynhatchinhhang.vn/giay-adidas-pureboost-5-jh6442,https://bizweb.dktcdn.net/thumb/medium/100/347/092/products/giay-chay-bo-pureboost-5-be-jh6442-01-00-standard-jpeg.jpg?v=1763411369133,1.780.000₫,3.200.000₫,Adidas,"['40', '41', '42', '43']",https://bizweb.dktcdn.net/100/347/092/products/giay-chay-bo-pureboost-5-be-jh6442-01-00-standard-jpeg.jpg?v=1763411369133;https://bizweb.dktcdn.net/100/347/092/products/giay-chay-bo-pureboost-5-be-jh6442-01-03-hover-standard-jpeg.jpg?v=1763411370083;https://bizweb.dktcdn.net/100/347/092/products/giay-chay-bo-pureboost-5-be-jh6442-02-standard-jpeg.jpg?v=1763411371087;https://bizweb.dktcdn.net/100/347/092/products/giay-chay-bo-pureboost-5-be-jh6442-03-standard-jpeg.jpg?v=1763411372073;https://bizweb.dktcdn.net/100/347/092/products/giay-chay-bo-pureboost-5-be-jh6442-04-standard-jpeg.jpg?v=1763411372847;https://bizweb.dktcdn.net/100/347/092/products/giay-chay-bo-pureboost-5-be-jh6442-05-standard-jpeg.jpg?v=1763411373803;https://bizweb.dktcdn.net/100/347/092/products/giay-chay-bo-pureboost-5-be-jh6442-06-standard-jpeg.jpg?v=1763411374583;https://bizweb.dktcdn.net/100/347/092/products/giay-chay-bo-pureboost-5-be-jh6442-16-hover-standard-jpeg.jpg?v=1763411375693;https://bizweb.dktcdn.net/100/347/092/products/giay-chay-bo-pureboost-5-be-jh6442-41-detail-jpeg.jpg?v=1763411376847;https://bizweb.dktcdn.net/100/347/092/products/giay-chay-bo-pureboost-5-be-jh6442-42-detail-jpeg.jpg?v=1763411378043,"Đôi giày chạy bộ thường ngày có sử dụng chất liệu tái chế.;Từ chạy bộ buổi sáng đến chạy việc vặt buổi chiều, bạn sẽ cảm thấy sung sức suốt ngày dài nhờ đôi giày chạy bộ adidas này. Lớp đệm BOOST nhẹ nhất từ trước đến nay của chúng tôi giúp cho sải bước luôn đàn hồi, cùng thân giày bằng vải lưới thoải mái được mang lại cảm giác thông thoáng và nâng đỡ tối ưu. Tự tin sải bước trên mọi địa hình nhờ đế ngoài Adiwear siêu bám. Sản phẩm này có chứa tối thiểu 20% chất liệu tái chế. Bằng cách tái sử dụng các chất liệu đã được tạo ra, chúng tôi góp phần giảm thiểu lãng phí và hạn chế phụ thuộc vào các nguồn tài nguyên hữu hạn, cũng như giảm phát thải từ các sản phẩm mà chúng tôi sản xuất.;THÔNG TIN SẢN PHẨM;Dáng regular fit;Có dây giày;Thân giày bằng vải lưới kỹ thuật;Lớp lót bằng vải dệt;Đệm Light BOOST;Trọng lượng: 252 g (size UK 8.5);Chênh lệch độ cao đế giữa: 10 mm (gót giày 33 mm / mũi giày 23 mm);Đế ngoài Adiwear;Có chứa tối thiểu 20% thành phần tái chế;Màu sản phẩm: Be Putty / Bạc đậm / Xám Strata;Mã sản phẩm: JH6442"
3146327164346867813,Giày Adidas Nam Chính Hãng - Ultraboost 5 - Màu Olive | JapanSport ID8815,https://giaynhatchinhhang.vn/adidas-ultraboost-5-id8815,https://bizweb.dktcdn.net/thumb/medium/100/347/092/products/id8815-1-11zon.jpg?v=1762439931253,2.250.000₫,5.200.000₫,Adidas,"['39', '40']",https://bizweb.dktcdn.net/100/347/092/products/id8815-1-11zon.jpg?v=1762439931253;https://bizweb.dktcdn.net/100/347/092/products/id8815-2-11zon.jpg?v=1762439931973;https://bizweb.dktcdn.net/100/347/092/products/id8815-3-11zon.jpg?v=1762439932720;https://bizweb.dktcdn.net/100/347/092/products/id8815-4-11zon.jpg?v=1762439933793;https://bizweb.dktcdn.net/100/347/092/products/id8815-5-11zon.jpg?v=1762439934957;https://bizweb.dktcdn.net/100/347/092/products/id8815-6-11zon.jpg?v=1762439935733;https://bizweb.dktcdn.net/100/347/092/products/id8815-7-11zon.jpg?v=1762439936727;https://bizweb.dktcdn.net/100/347/092/products/id8815-8-11zon.jpg?v=1762439937767;https://bizweb.dktcdn.net/100/347/092/products/id8815-9-11zon.jpg?v=1762439938817,"GIÀY THỂ THAO PHONG CÁCH SỐNG ĐƯỢC LÀM TỪ VẬT LIỆU TÁI CHẾ.;Được cải tiến nhằm mang lại cảm giác êm ái hơn, thoải mái hơn và nhẹ nhàng hơn cho buổi chạy hoàn toàn khác biệt, giày Ultraboost 5 khai phá năng lượng chạy bộ của bạn. Đế giữa của đôi giày này sử dụng đệm Light BOOST V2, là hệ thống đệm hoàn trả năng lượng tối ưu của adidas. Giày Ultraboost 5 cũng tích hợp hệ thống đúc nâng đỡ gót giày bên ngoài cho độ nâng đỡ vượt trội tại các vị trí cần thiết. Thân giày PRIMEKNIT cho độ ôm tối ưu, cùng hệ thống Torsion System của chúng tôi mang đến khả năng định hướng đỉnh cao cho bước chạy của bạn. Và cuối cùng là độ bám đẳng cấp thế giới của đế ngoài Continental™ cho độ ma sát và chuyển động hoàn hảo. Sản phẩm này có chứa tối thiểu 20% chất liệu tái chế.;Thông tin chi tiết;Dáng regular fit;Có dây giày;Thân giày bằng vải dệt;Lớp lót bằng vải dệt;Torsion System;Đệm Light BOOST V2;Trọng lượng: 292 g (size UK 8.5);Chênh lệch độ cao đế giữa: 10 mm (gót giày 31 mm / mũi giày 21 mm);Đế ngoài Continental™ Rubber;Có chứa tối thiểu 20% thành phần tái chế;Màu sản phẩm: Xanh olive / Bạc đậm / Xanh olive tối;Mã sản phẩm: ID8815"
-3750926740899211835,Giày Adidas Chính Hãng - Terrex Free Hiker 2.0 Low Hiking - Màu Đen | JapanSport  ID7690,https://giaynhatchinhhang.vn/adidas-terrex-free-hiker-2-0-low-hiking-id7690,https://bizweb.dktcdn.net/thumb/medium/100/347/092/products/id7690-1.jpg?v=1762438692400,1.880.000₫,5.100.000₫,Adidas,"['41', '42']",https://bizweb.dktcdn.net/100/347/092/products/id7690-1.jpg?v=1762438692400;https://bizweb.dktcdn.net/100/347/092/products/id7690-2.jpg?v=1762438692890;https://bizweb.dktcdn.net/100/347/092/products/id7690-3.jpg?v=1762438693400;https://bizweb.dktcdn.net/100/347/092/products/id7690-4.jpg?v=1762438693940;https://bizweb.dktcdn.net/100/347/092/products/id7690-5.jpg?v=1762438694443;https://bizweb.dktcdn.net/100/347/092/products/id7690-6.jpg?v=1762438694770;https://bizweb.dktcdn.net/100/347/092/products/id7690-7.jpg?v=1762438695267;https://bizweb.dktcdn.net/100/347/092/products/id7690-8.jpg?v=1762438695980;https://bizweb.dktcdn.net/100/347/092/products/id7690-9.jpg?v=1762438696473;https://bizweb.dktcdn.net/100/347/092/products/id7690-10.jpg?v=1762438697193,"GIÀY THỂ THAO ĐI BỘ NHẸ, CỔ THẤP, ĐƯỢC LÀM MỘT PHẦN TỪ HỖN HỢP VẬT LIỆU TÁI CHẾ VÀ TÁI TẠO.;Cho dù bạn đang đi bộ đường dài nhanh hay một chuyến du lịch ba lô dài ngày, đôi giày đi bộ đường dài adidas Terrex Free Hiker 2.0 cổ thấp này sẽ giúp bạn tận hưởng từng khoảnh khắc của chuyến phiêu lưu. Kết hợp cảm giác nhẹ nhàng của giày chạy bộ với sự ổn định của giày đi bộ đường dài, đây là người bạn đồng hành hoàn hảo cho những chuyến đi bộ đường dài dài và ngắn. Phần trên thoáng khí giúp điều hòa nhiệt độ, trong khi lưỡi giày tích hợp mang lại sự vừa vặn nhẹ nhàng và an toàn. Dù bạn đi xa đến đâu, đế giữa BOOST mềm mại, êm ái mang đến sự thoải mái suốt cả ngày. Khung EVA giúp ổn định sải chân của bạn khi đường mòn gồ ghề và gồ ghề. Bằng cách lựa chọn tái chế, chúng tôi có thể tái sử dụng các vật liệu hiện có, giúp giảm thiểu chất thải. L;Thông tin chi tiết;Đệm gót chân ngoài và khung ổn định EVA;Mặt trên bằng lưới thoáng khí với mũi giày liền mạch bền bỉ;Cổ giày có đệm Đế giữa Boost;Cỡ giày vừa vặn;Khóa dây;Đế ngoài cao su Continental™;Chứa ít nhất 20% vật liệu tái chế và tái tạo /Thay thế thuần chay;Độ cao gót: 14 mm (gót: 37 mm / mũi giày: 23 mm);Trọng lượng: 410 g (cỡ Anh 8.5);Màu sắc: Carbon / Xám sáu / Đen lõi;Mã sản phẩm: ID7690"
6422229057197175257,Giày Adidas Nam Chính Hãng - PUREBOOST 5 - Màu đen | JapanSport ID1158,https://giaynhatchinhhang.vn/giay-adidas-pureboost-5-id1158,https://bizweb.dktcdn.net/thumb/medium/100/347/092/products/giay-chay-bo-pureboost-5-djen-id1158-hm1-1.jpg?v=1762957709333,1.950.000₫,3.200.000₫,Adidas,"['40', '41']",https://bizweb.dktcdn.net/100/347/092/products/giay-chay-bo-pureboost-5-djen-id1158-hm1-1.jpg?v=1762957709333;https://bizweb.dktcdn.net/100/347/092/products/giay-chay-bo-pureboost-5-djen-id1158-hm3-hover-1.jpg?v=1762957710640;https://bizweb.dktcdn.net/100/347/092/products/giay-chay-bo-pureboost-5-djen-id1158-hm4-1.jpg?v=1762957711843;https://bizweb.dktcdn.net/100/347/092/products/giay-chay-bo-pureboost-5-djen-id1158-hm5-1.jpg?v=1762957713143;https://bizweb.dktcdn.net/100/347/092/products/giay-chay-bo-pureboost-5-djen-id1158-hm6-1.jpg?v=1762957714087;https://bizweb.dktcdn.net/100/347/092/products/giay-chay-bo-pureboost-5-djen-id1158-hm7-1.jpg?v=1762957715497;https://bizweb.dktcdn.net/100/347/092/products/giay-chay-bo-pureboost-5-djen-id1158-hm8-1.jpg?v=1762957716780;https://bizweb.dktcdn.net/100/347/092/products/giay-chay-bo-pureboost-5-djen-id1158-hm9-1.jpg?v=1762957717677;https://bizweb.dktcdn.net/100/347/092/products/giay-chay-bo-pureboost-5-djen-id1158-hm10-1.jpg?v=1762957718597,"Đôi giày chạy bộ thường ngày có sử dụng chất liệu tái chế.;Từ chạy bộ buổi sáng đến chạy việc vặt buổi chiều, bạn sẽ cảm thấy sung sức suốt ngày dài nhờ đôi giày chạy bộ adidas này. Lớp đệm BOOST nhẹ nhất từ trước đến nay của chúng tôi giúp cho sải bước luôn đàn hồi, cùng thân giày bằng vải lưới thoải mái được mang lại cảm giác thông thoáng và nâng đỡ tối ưu. Tự tin sải bước trên mọi địa hình nhờ đế ngoài Adiwear siêu bám. Sản phẩm này có chứa tối thiểu 20% chất liệu tái chế. Bằng cách tái sử dụng các chất liệu đã được tạo ra, chúng tôi góp phần giảm thiểu lãng phí và hạn chế phụ thuộc vào các nguồn tài nguyên hữu hạn, cũng như giảm phát thải từ các sản phẩm mà chúng tôi sản xuất.;THÔNG TIN SẢN PHẨM;Dáng regular fit;Có dây giày;Thân giày bằng vải lưới kỹ thuật;Lớp lót bằng vải dệt;Đệm Light BOOST;Trọng lượng: 252 g (size UK 8.5);Chênh lệch độ cao đế giữa: 10 mm (gót giày 33 mm / mũi giày 23 mm);Đế ngoài Adiwear;Có chứa tối thiểu 20% thành phần tái chế;Màu sản phẩm: Đen lõi;Mã sản phẩm: ID1158"
-4133133951146214688,Giày Adidas Chính Hãng - Tech Response 3.0  - Màu Xám | JapanSport GV6889,https://giaynhatchinhhang.vn/adidas-tech-response-3-0-gv6889,https://bizweb.dktcdn.net/thumb/medium/100/347/092/products/gv6889-1.jpg?v=1761480776913,1.150.000₫,2.600.000₫,Adidas,"['40.5', '41']",https://bizweb.dktcdn.net/100/347/092/products/gv6889-1.jpg?v=1761480776913;https://bizweb.dktcdn.net/100/347/092/products/gv6889-2.jpg?v=1761480777477;https://bizweb.dktcdn.net/100/347/092/products/gv6889-3.jpg?v=1761480778717;https://bizweb.dktcdn.net/100/347/092/products/gv6889-4.jpg?v=1761480779890;https://bizweb.dktcdn.net/100/347/092/products/gv6889-5.jpg?v=1761480780693;https://bizweb.dktcdn.net/100/347/092/products/gv6889-6.jpg?v=1761480781500;https://bizweb.dktcdn.net/100/347/092/products/gv6889-7.jpg?v=1761480782493;https://bizweb.dktcdn.net/100/347/092/products/gv6889-8.jpg?v=1761480783707,"GIÀY GOLF HIỆU SUẤT THOẢI MÁI, ĐƯỢC LÀM TỪ VẬT LIỆU TÁI CHẾ;Chọn gậy, đọc green và để cú swing lên tiếng khi bạn lướt trên fairway. Giày golf adidas Tech Response 3.0 kết hợp sự thoải mái khi bước vào với cảm giác vững chắc và sự hỗ trợ cần thiết để bạn tiến xa hơn.;Từ thiết kế sáu đinh tán chắc chắn đến sự thoải mái không bị phân tâm của đệm Bounce, Tech Response mang đến hiệu suất vượt trội. Kiểu dáng thể thao cổ điển thể hiện di sản thể thao của adidas và kết hợp hoàn hảo với bộ đồng phục golf yêu thích của bạn để tự tin chơi trên mọi sân. Buộc dây giày, tắt tiếng ồn và leo lên bảng xếp hạng.;Đệm Bounce Đệm Bounce nhẹ mang lại sự thoải mái và linh hoạt vượt trội. Được làm từ một loạt vật liệu tái chế, phần thân giày này có ít nhất 50% thành phần tái chế. Sản phẩm này chỉ là một trong những giải pháp của chúng tôi nhằm góp phần chấm dứt rác thải nhựa.;Thông tin chi tiết;Vừa vặn;Khóa ren;Mặt trên bằng vải và tổng hợp;Đệm đàn hồi chậm quanh cổ giày và lưỡi gà;Lớp lót bằng vải;Đế giữa Bounce;Đế ngoài Traxion;Màu sản phẩm: Xám / Trắng;Mã sản phẩm: GV6889"
2895411968318205337,Dép Adidas Nam Chính Hãng - Terrex Sumra Sandals - Đen | JapanSport JR1155,https://giaynhatchinhhang.vn/adidas-terrex-sumra-sandals-jr1155,https://bizweb.dktcdn.net/thumb/medium/100/347/092/products/2f77de0a-db81-42b9-9c97-6cff88de0506.jpg?v=1761479172823,1.080.000₫,2.200.000₫,Adidas,"['42', '43']",https://bizweb.dktcdn.net/100/347/092/products/2f77de0a-db81-42b9-9c97-6cff88de0506.jpg?v=1761479172823;https://bizweb.dktcdn.net/100/347/092/products/74a29e82-9fd1-42ba-8f94-2797590a90f0.jpg?v=1761479173450;https://bizweb.dktcdn.net/100/347/092/products/58cd87ca-31e3-4cbf-a663-805f21db247a.jpg?v=1761479173897;https://bizweb.dktcdn.net/100/347/092/products/abcfb7ea-4636-43e3-aa97-9e09654adb8e.jpg?v=1761479174513;https://bizweb.dktcdn.net/100/347/092/products/c54ae59b-8aac-4fde-9bb7-9efceebaf932.jpg?v=1761479175183;https://bizweb.dktcdn.net/100/347/092/products/599db948-76c3-41c5-ba94-47378326dbb8.jpg?v=1761479175853;https://bizweb.dktcdn.net/100/347/092/products/03409bbb-7d94-4b01-a9c4-613bb6cace10.jpg?v=1761479176513;https://bizweb.dktcdn.net/100/347/092/products/e9834d02-a756-4bb9-8982-b1391ddc566c.jpg?v=1761479177167,"Terrex Sumra Sandals;Dép xỏ ngón đa năng với quai đeo có thể điều chỉnh. Khi đôi chân bạn cần được nghỉ ngơi khi ra ngoài, hãy thư giãn với đôi dép Terrex này. Đế giày êm ái mang lại sự thoải mái lâu dài. Quai dán Velcro giúp bạn dễ dàng xỏ vào và tháo ra khi muốn đi chân trần trên cát hoặc dưới nước. Đế ngoài cao su Continental™ bám dính giúp bạn luôn vững vàng dù đang chạy trên bãi biển hay thưởng thức tiệc nướng ngoài trời.;Thông tin chi tiết;Cỡ giày vừa vặn;Khóa dán quai dán;Mặt trên bằng vải tổng hợp;Lớp lót bằng vải dệt;Lót giày bằng polyurethane;Đế giữa bằng vải tổng hợp (EVA);Trọng lượng: 555,5 g (12,5 oz, giày dài 27 cm);Độ dốc đế giữa: 7 mm (gót: 29 mm / mũi giày: 22 mm);Đế ngoài bằng cao su Continental™;Màu sắc: Đen lõi / Đen lõi / Xám;Mã sản phẩm: JR1155"
-2538552716088778253,Giày Adidas Nam Chính Hãng - Multicolour Water Moc EQT - Màu xanh | JapanSport JH5378,https://giaynhatchinhhang.vn/adidas-water-moc-eqt-jh5378,https://bizweb.dktcdn.net/thumb/medium/100/347/092/products/adidas-water-moc-eqt-jh5378-01.jpg?v=1760355220043,1.280.000₫,3.100.000₫,Adidas,"['39', '40.5']",https://bizweb.dktcdn.net/100/347/092/products/adidas-water-moc-eqt-jh5378-01.jpg?v=1760355220043;https://bizweb.dktcdn.net/100/347/092/products/adidas-water-moc-eqt-jh5378-02.jpg?v=1760355220787;https://bizweb.dktcdn.net/100/347/092/products/adidas-water-moc-eqt-jh5378-03.jpg?v=1760355221677;https://bizweb.dktcdn.net/100/347/092/products/adidas-water-moc-eqt-jh5378-04.jpg?v=1760355222443;https://bizweb.dktcdn.net/100/347/092/products/adidas-water-moc-eqt-jh5378-05.jpg?v=1760355223150;https://bizweb.dktcdn.net/100/347/092/products/adidas-water-moc-eqt-jh5378-06.jpg?v=1760355224930;https://bizweb.dktcdn.net/100/347/092/products/adidas-water-moc-eqt-jh5378-07.jpg?v=1760355225730;https://bizweb.dktcdn.net/100/347/092/products/adidas-water-moc-eqt-jh5378-08.jpg?v=1760355226567;https://bizweb.dktcdn.net/100/347/092/products/adidas-water-moc-eqt-jh5378-09.jpg?v=1760355228097,"Giày lười đi nước với thiết kế dành riêng cho những chuyến phiêu lưu.;Hãy dấn thân vào cuộc phiêu lưu cùng giày adidas Water Moc EQT. Dựa trên phiên bản năm 1997, đôi giày lười này ban đầu được thiết kế cho các hoạt động dưới nước, đặc biệt là chèo thuyền kayak. Giờ đây, chúng đã trở lại, mang đến thiết kế tiện dụng cho những chuyến khám phá hàng ngày của bạn. Thân giày bằng lưới với lớp lót thoải mái, đế ngoài bằng cao su chắc chắn với các gờ bám dày. Các lỗ thoát nước ở hai bên hông giày giúp bạn thoải mái khi bị ướt.;THÔNG TIN SẢN PHẨM;Giày lười có dây buộc;Mặt trên bằng vải và tổng hợp;Lớp lót bằng vải;Đế ngoài bằng cao su;Nhập khẩu;Màu sản phẩm: Xanh đá phiến / Đen lõi / Mực Aurora;Mã sản phẩm: JH5378"
2830548306734310234,Giày Adidas Nam Chính Hãng - ULTRADREAM DNA - Màu Xám | JapanSport JP7691,https://giaynhatchinhhang.vn/adidas-nam-ultradream-dna-japansport-jp7691,https://bizweb.dktcdn.net/thumb/medium/100/347/092/products/1-54678993-cf8b-4fea-b62d-2c85c8e9dac9.jpg?v=1760280301387,1.180.000₫,2.400.000₫,Adidas,"['40', '41', '42', '42.5', '43', '44']",https://bizweb.dktcdn.net/100/347/092/products/1-54678993-cf8b-4fea-b62d-2c85c8e9dac9.jpg?v=1760280301387;https://bizweb.dktcdn.net/100/347/092/products/2-0b7135f1-ec26-4225-9385-c1ffae9f972e.jpg?v=1760280302090;https://bizweb.dktcdn.net/100/347/092/products/3-d4a8310f-1820-4484-81bf-15614babd332.jpg?v=1760280302790;https://bizweb.dktcdn.net/100/347/092/products/4-e355623a-9354-4f37-af32-1ab9591386c8.jpg?v=1760280303333;https://bizweb.dktcdn.net/100/347/092/products/5-8a410dca-8f5b-4b3e-ae4e-c287bf4d65af.jpg?v=1760280304067;https://bizweb.dktcdn.net/100/347/092/products/8.jpg?v=1760280304890;https://bizweb.dktcdn.net/100/347/092/products/7.jpg?v=1760280305940;https://bizweb.dktcdn.net/100/347/092/products/6-2d033c1f-a52b-443d-b4f6-d58b796929eb.jpg?v=1760280306650,"GIÀY THỂ THAO PHONG CÁCH SỐNG ĐƯỢC LÀM TỪ VẬT LIỆU TÁI CHẾ.;Hãy bước vào tương lai của sự thoải mái với đôi giày adidas Ultradream DNA này. Lấy cảm hứng từ hình dáng biểu tượng của Ultraboost, đôi giày được tái hiện với đế giữa Dreamstrike+ sử dụng công nghệ powerfoam nhẹ, mang lại sự thoải mái và độ bền vượt trội. Thân giày bằng vải dệt kết hợp với khung 1/4 và đệm gót ngoài để tăng thêm sự hỗ trợ. Dù bạn đang khám phá đường phố thành phố hay hòa mình vào thiên nhiên, đôi giày này luôn sẵn sàng cho cuộc phiêu lưu. Sản phẩm này sử dụng ít nhất 20% vật liệu tái chế. Bằng cách tái sử dụng các vật liệu đã qua sử dụng, chúng tôi góp phần giảm thiểu chất thải, giảm sự phụ thuộc vào tài nguyên hữu hạn và giảm thiểu dấu chân người dùng của các sản phẩm chúng tôi sản xuất.;Thông tin chi tiết;Kiểu dáng vừa vặn;Khóa dây;Thân giày bằng vải;Lớp lót bằng vải;Khung 1/4 và đệm gót ngoài;Đế giữa Dreamstrike+;Đế ngoài bằng cao su;Chứa ít nhất 20% thành phần tái chế Nhập khẩu;Màu sản phẩm: Trắng vân mây / Đen lõi;Mã sản phẩm: JP7691"
-6379730174805068336,Giày Adidas Chính Hãng - ULTRABOOST 5X SHOES - Màu Trắng | JapanSport JH9038,https://giaynhatchinhhang.vn/adidas-ultraboost-5x-shoes-japansport-jh9038,https://bizweb.dktcdn.net/thumb/medium/100/347/092/products/1-dc88c07f-eecd-4205-872d-424f99b7fdfb.jpg?v=1760279389580,2.480.000₫,5.100.000₫,Adidas,"['41', '42', '42.5', '43', '44', '44.5']",https://bizweb.dktcdn.net/100/347/092/products/1-dc88c07f-eecd-4205-872d-424f99b7fdfb.jpg?v=1760279389580;https://bizweb.dktcdn.net/100/347/092/products/2-1140c5bf-74ce-4f88-9ede-20c45645cd70.jpg?v=1760279391397;https://bizweb.dktcdn.net/100/347/092/products/3-9cd5832f-2ccd-4e25-83bc-ad6ad9fef995.jpg?v=1760279393240;https://bizweb.dktcdn.net/100/347/092/products/4-e956ef7c-24be-42f0-af56-35d0c2baf4d7.jpg?v=1760279395003;https://bizweb.dktcdn.net/100/347/092/products/5-d2a53a8c-aaae-4eb9-9965-f026485dd017.jpg?v=1760279397067;https://bizweb.dktcdn.net/100/347/092/products/6-bcb83a5e-5f9c-4d9e-840d-5836d3e666a7.jpg?v=1760279399773,"GIÀY CHẠY BOOST THẾ HỆ MỚI ĐƯỢC LÀM TỪ VẬT LIỆU TÁI CHẾ.;Việcchinh phục những kỷ lục cá nhân mới trở nên dễ dàng hơn với đôi giày chạy bộ adidas này. Phiên bản BOOST nhẹ nhất của chúng tôi vẫn mang lại khả năng hoàn trả năng lượng liên tục trên mỗi km, giúp bạn luôn cảm thấy sảng khoái từ đầu đến cuối. Thêm Hệ thống Torsion giữa gót chân và bàn chân trước để tăng độ ổn định, mang đến cho bạn những bước chạy êm ái, ổn định dù bạn chạy xa hay nhanh. Tất cả được vận hành trên đế ngoài cao su Continental™ mang lại độ bám chắc chắn trong điều kiện ẩm ướt và khô ráo, giúp bạn tự tin trên đôi chân của mình. Sản phẩm này sử dụng ít nhất 20% vật liệu tái chế. Bằng cách tái sử dụng các vật liệu đã qua sử dụng, chúng tôi góp phần giảm thiểu chất thải, giảm sự phụ thuộc vào các nguồn tài nguyên hữu hạn và giảm thiểu dấu chân sinh thái của các sản phẩm chúng tôi sản xuất.;Thông tin chi tiết;Cỡ vừa;Dây buộc;Thân giày bằng vải;Lớp lót bằng vải;Hệ thống Torsion;Công nghệ Light BOOST;Trọng lượng: 275 g (cỡ Anh 8.5);Đế ngoài bằng cao su Continental™;Chứa ít nhất 20% thành phần tái chế;Màu sắc: Trắng ngà / Cam đậm / Trắng pha lê;Mã sản phẩm: JH9038"
4496717475220189016,Dép Adidas Chính Hãng - Adilette Aqua - Màu Xanh | JapanSport IF0895,https://giaynhatchinhhang.vn/dep-adidas-chinh-hang-adilette-aqua-mau-xanh-japansport-if0895,https://bizweb.dktcdn.net/thumb/medium/100/347/092/products/if0895-1.jpg?v=1759575923713,480.000₫,800.000₫,Adidas,"['39', '40.5', '42', '43']",https://bizweb.dktcdn.net/100/347/092/products/if0895-1.jpg?v=1759575923713;https://bizweb.dktcdn.net/100/347/092/products/if0895-2.jpg?v=1759575924447;https://bizweb.dktcdn.net/100/347/092/products/if0895-3.jpg?v=1759575925223;https://bizweb.dktcdn.net/100/347/092/products/if0895-4.jpg?v=1759575925987,Dép quai ngang để đi sau khi bơi với lớp đệm tăng cường.;Thông tin chi tiết
-3080786005589511510,Giày Adidas Chính Hãng - Padel Courtquick - Màu xanh | JapanSport JP7232,https://giaynhatchinhhang.vn/adidas-padel-courtquick-japansport-jp7232,https://bizweb.dktcdn.net/thumb/medium/100/347/092/products/jp7232-1.jpg?v=1759503248957,1.780.000₫,2.500.000₫,Adidas,"['42.5', '43']",https://bizweb.dktcdn.net/100/347/092/products/jp7232-1.jpg?v=1759503248957;https://bizweb.dktcdn.net/100/347/092/products/jp7232-2.jpg?v=1759503249933;https://bizweb.dktcdn.net/100/347/092/products/jp7232-3.jpg?v=1759503249933;https://bizweb.dktcdn.net/100/347/092/products/jp7232-4.jpg?v=1759503249933;https://bizweb.dktcdn.net/100/347/092/products/jp7232-5.jpg?v=1759503249933,THÔNG TIN SẢN PHẨM
147162723289806521,Giày Adidas Chính Hãng - GRAND COURT 2.0 - Màu Đen | JapanSport JR0546,https://giaynhatchinhhang.vn/adidasgrand-court-2-0-japansport-jr0546,https://bizweb.dktcdn.net/thumb/medium/100/347/092/products/jr0546-1.jpg?v=1759056329630,1.180.000₫,2.200.000₫,Adidas Japan,"['39', '40', '40.5', '41', '42', '42.5', '43', '44', '44.5']",https://bizweb.dktcdn.net/100/347/092/products/jr0546-1.jpg?v=1759056329630;https://bizweb.dktcdn.net/100/347/092/products/jr0546-2.jpg?v=1759056330573;https://bizweb.dktcdn.net/100/347/092/products/jr0546-3.jpg?v=1759056331750;https://bizweb.dktcdn.net/100/347/092/products/jr0546-4.jpg?v=1759056332830,Thông tin chi tiết;Dáng regular fit;Có dây giày;Thân giày bằng chất liệu tổng hợp;Lớp lót bằng vải dệt;Đế giữa Cloudfoam;Đế ngoài bằng cao su;Có chứa tối thiểu 20% thành phần tái chế;Màu sản phẩm: ;Mã sản phẩm:
-3424206951611725510,Giày Adidas Chính Hãng - 4DFWD 4 Men's -  Màu Đen | JapanSport JI1452,https://giaynhatchinhhang.vn/adidas-4dfwd-4-shoes-japansport-ji145,https://bizweb.dktcdn.net/thumb/medium/100/347/092/products/ji1452-1.jpg?v=1758983632107,2.880.000₫,5.500.000₫,Adidas,"['39', '40', '40.5', '41', '42', '42.5', '43', '44']",https://bizweb.dktcdn.net/100/347/092/products/ji1452-1.jpg?v=1758983632107;https://bizweb.dktcdn.net/100/347/092/products/ji1452-2.jpg?v=1758983632823;https://bizweb.dktcdn.net/100/347/092/products/ji1452-3.jpg?v=1758983633540;https://bizweb.dktcdn.net/100/347/092/products/ji1452-4.jpg?v=1758983634277;https://bizweb.dktcdn.net/100/347/092/products/ji1452-5.jpg?v=1758983635037,
2818194085395142080,Giày Adidas Chính Hãng - 4DFWD 4 Running - Màu đen | JapanSport ID8887,https://giaynhatchinhhang.vn/adidas-4dfwd-4-running-shoes-japansport-id8887,https://bizweb.dktcdn.net/thumb/medium/100/347/092/products/id8887-1.jpg?v=1758982832477,2.580.000₫,6.000.000₫,Adidas,"['39', '40', '40.5', '41', '42', '42.5', '43', '44']",https://bizweb.dktcdn.net/100/347/092/products/id8887-1.jpg?v=1758982832477;https://bizweb.dktcdn.net/100/347/092/products/id8887-2.jpg?v=1758982833240;https://bizweb.dktcdn.net/100/347/092/products/id8887-3.jpg?v=1758982833963;https://bizweb.dktcdn.net/100/347/092/products/id8887-4.jpg?v=1758982834723;https://bizweb.dktcdn.net/100/347/092/products/id8887-5.jpg?v=1758982835567,THÔNG TIN SẢN PHẨM
-7713633270736465435,(Đã qua sử dụng) Giày Adidas Nữ Chính Hãng - Stella Mccartney X Ultraboost Sandal - Màu Đen  | JapanSport FZ3041,https://giaynhatchinhhang.vn/adidas-stella-mccartney-x-ultraboost-sandal-fz3041,https://bizweb.dktcdn.net/thumb/medium/100/347/092/products/fz3041-1.jpg?v=1758569681583,1.280.000₫,5.500.000₫,Adidas,"['37', '38']",https://bizweb.dktcdn.net/100/347/092/products/fz3041-1.jpg?v=1758569681583;https://bizweb.dktcdn.net/100/347/092/products/fz3041-2.jpg?v=1758569682460;https://bizweb.dktcdn.net/100/347/092/products/fz3041-3.jpg?v=1758569682930;https://bizweb.dktcdn.net/100/347/092/products/fz3041-4.jpg?v=1758569683817,"Sự hỗ trợ và ổn định bổ sung;Giày sandal UltraBoost Stella McCartney x adidas nữ ""Black Maroon"" kết hợp sự thoải mái thoáng khí với thiết kế bền vững. Nhà thiết kế thời trang người Anh đã biến đôi giày lai giữa giày thể thao và sandal này thành một sản phẩm với phần thân giày đan len màu đen và đỏ tía được làm từ Primeblue — vật liệu hiệu suất cao tái chế bao gồm nhựa Parley Ocean Plastic. Mũi giày hở giúp tăng cường luồng không khí, trong khi lớp phủ da tổng hợp và khung gót cứng cáp mang lại sự hỗ trợ và ổn định bổ sung. Đế giữa Boost toàn bộ chiều dài được gia cố bằng đế ngoài cao su Continental gum.;Chi tiết;Vừa vặn thông thường;Cảm giác êm ái, nhạy bén;Đế ngoài cao su Continental™;Mã sản phẩm: FZ3041"
-7456347592429106928,Giày Adidas Nữ Chính hãng - Pureboost 23 - Màu Đen | JapanSport IF2376,https://giaynhatchinhhang.vn/adidas-pureboost-23-if2376,https://bizweb.dktcdn.net/thumb/medium/100/347/092/products/if2376-01.jpg?v=1758625099390,1.380.000₫,3.900.000₫,Adidas,"['36.5', '37']",https://bizweb.dktcdn.net/100/347/092/products/if2376-01.jpg?v=1758625099390;https://bizweb.dktcdn.net/100/347/092/products/if2376-02.jpg?v=1758625100397;https://bizweb.dktcdn.net/100/347/092/products/if2376-03.jpg?v=1758625101273;https://bizweb.dktcdn.net/100/347/092/products/if2376-04.jpg?v=1758625102200;https://bizweb.dktcdn.net/100/347/092/products/if2376-05.jpg?v=1758625103043;https://bizweb.dktcdn.net/100/347/092/products/if2376-06.jpg?v=1758625103890;https://bizweb.dktcdn.net/100/347/092/products/if2376-07.jpg?v=1758625104513;https://bizweb.dktcdn.net/100/347/092/products/if2376-08.jpg?v=1758625105133;https://bizweb.dktcdn.net/100/347/092/products/if2376-09.jpg?v=1758625106223,"Giày chạy bộ phục hồi năng lượng được làm một phần từ vật liệu tái chế.;Chạy bộ hàng ngày với giày chạy bộ adidas Pureboost 23 là một trải nghiệm tuyệt vời. Đế BOOST toàn phần mang lại khả năng hoàn trả năng lượng tối ưu, cùng các đường cắt tinh tế dọc theo đế ngoài cao su giúp lớp bọt khí nén và giãn nở khi bạn chạy. Thân giày bằng lưới kỹ thuật siêu nhẹ, thoáng khí, hỗ trợ tối đa cho bàn chân khi vận động, mang đến trải nghiệm chạy bộ thoải mái từ đầu đến gót chân. Được làm từ một loạt vật liệu tái chế, thân giày này có ít nhất 50% thành phần tái chế. Sản phẩm này chỉ là một trong những giải pháp của chúng tôi nhằm góp phần giảm thiểu rác thải nhựa.;Chi tiết;Vừa vặn thông thường;Khóa ren;Mặt trên bằng lưới kỹ thuật;Cảm giác êm ái, nhạy bén;Lớp lót dệt;Đế giữa BOOST;Trọng lượng: 312 gram (kích thước UK 8.5);Độ dốc đế giữa: 10 mm (gót chân: 27 mm / bàn chân trước: 17 mm);Đế ngoài bằng cao su Stretchweb;Phần trên chứa tối thiểu 50% vật liệu tái chế;Màu sắc: Đen lõi / Trắng;Mã sản phẩm: IF2376"
-3426621552092135631,Dép Adidas Chính Hãng - Adilette Zplaash Slides - Màu Đen | JapanSport IF4133,https://giaynhatchinhhang.vn/adidas-adilette-zplaash-slides-if4133,https://bizweb.dktcdn.net/thumb/medium/100/347/092/products/if4133-1.jpg?v=1758629949130,780.000₫,1.650.000₫,Adidas,"['38', '39']",https://bizweb.dktcdn.net/100/347/092/products/if4133-1.jpg?v=1758629949130;https://bizweb.dktcdn.net/100/347/092/products/if4133-2.jpg?v=1758629949853;https://bizweb.dktcdn.net/100/347/092/products/if4133-3.jpg?v=1758629950577;https://bizweb.dktcdn.net/100/347/092/products/if4133-4.jpg?v=1758629951320,"Cầu trượt thoải mái được làm một phần từ vật liệu tái chế.;Chào đón mùa hè với dép xỏ ngón adidas Adilette Zplaash. Phần thân bơm hơi bắt mắt kết hợp với lớp lót vải mềm mại tạo nên thiết kế vừa thời trang vừa thoải mái. Đế giày được thiết kế ôm sát và đế ngoài bằng cao su linh hoạt mang lại sự thoải mái và độ bám tốt suốt cả ngày. Dù đi dạo phố hay xuống hồ bơi, đôi giày lười năng động này được thiết kế để bạn thư giãn từ bình minh đến hoàng hôn.;Chi tiết;Vừa vặn thông thường;Cấu trúc trượt;Phần trên tổng hợp;Lớp lót dệt;Đế giày có đường viền;Đế ngoài bằng cao su;Màu sắc: Đen lõi / Đen lõi / Đen lõi;Mã sản phẩm: IF4133"
-6658445974837549347,Giày Adidas Nam Chính Hãng - Duramo SL 2.0 - Màu Đen | JapanSport IF9400,https://giaynhatchinhhang.vn/giay-adidas-duramo-sl-2-0-if9400,https://bizweb.dktcdn.net/thumb/medium/100/347/092/products/giay-adidas-duramo-sl-2-0-if9400-1.jpg?v=1758134278233,1.150.000₫,2.000.000₫,Adidas Japan,"['39', '40', '40.5', '41', '42', '42.5', '43', '44']",https://bizweb.dktcdn.net/100/347/092/products/giay-adidas-duramo-sl-2-0-if9400-1.jpg?v=1758134278233;https://bizweb.dktcdn.net/100/347/092/products/giay-adidas-duramo-sl-2-0-if9400-2.jpg?v=1758134279223;https://bizweb.dktcdn.net/100/347/092/products/giay-adidas-duramo-sl-2-0-if9400-3.jpg?v=1758134281130;https://bizweb.dktcdn.net/100/347/092/products/giay-adidas-duramo-sl-2-0-if9400-4.jpg?v=1758134282870;https://bizweb.dktcdn.net/100/347/092/products/giay-adidas-duramo-sl-2-0-if9400-5.jpg?v=1758134285073;https://bizweb.dktcdn.net/100/347/092/products/giay-adidas-duramo-sl-2-0-if9400-6.jpg?v=1758134286983;https://bizweb.dktcdn.net/100/347/092/products/giay-adidas-duramo-sl-2-0-if9400-7.jpg?v=1758134288910;https://bizweb.dktcdn.net/100/347/092/products/giay-adidas-duramo-sl-2-0-if9400-8.jpg?v=1758134289733;https://bizweb.dktcdn.net/100/347/092/products/giay-adidas-duramo-sl-2-0-if9400-9.jpg?v=1758134291743,"Đôi giày chạy bộ siêu nhẹ dành cho những buổi chạy hàng ngày cũng như khi tập luyện.;Bất kể bạn đang tranh thủ chạy bộ hay tập luyện cho cự ly 10K đầu tiên, đôi giày chạy bộ adidas rộng chiều ngang này sẽ giúp bạn dễ dàng chinh phục hành trình. Thân giày bằng vải lưới thoáng khí giúp lưu thông không khí, cùng đế giữa LIGHTMOTION cho sải bước nhẹ nhàng, đàn hồi. Đế ngoài bằng cao su Adiwear cho độ bám bền bỉ trên từng cây số.;THÔNG TIN SẢN PHẨM;Rộng chiều ngang;Có dây giày;Thân giày bằng vải lưới;Lớp lót bằng chất liệu tổng hợp và vải dệt;Lớp đệm LIGHTMOTION;Đế ngoài Adiwear;Trọng lượng: 287 g (size UK 8.5);Chênh lệch độ cao đế giữa: 9 mm (gót giày: 33 mm / mũi giày: 24 mm);Màu sản phẩm: Đen lõi / Trắng mây / Xám mức 5;Mã sản phẩm: IF9400"
-3446037479292438313,Giày Adidas Nam Nữ Chính Hãng - Ultraboost 5X - Màu Wonder White  | JapanSport JI3017,https://giaynhatchinhhang.vn/adidas-ultraboost-5x-ji3017,https://bizweb.dktcdn.net/thumb/medium/100/347/092/products/ji3017-1.jpg?v=1758037818027,2.450.000₫,5.100.000₫,Adidas,"['37', '38.5', '39', '40']",https://bizweb.dktcdn.net/100/347/092/products/ji3017-1.jpg?v=1758037818027;https://bizweb.dktcdn.net/100/347/092/products/ji3017-2.jpg?v=1758037819083;https://bizweb.dktcdn.net/100/347/092/products/ji3017-3.jpg?v=1758037820097;https://bizweb.dktcdn.net/100/347/092/products/ji3017-4.jpg?v=1758037820857;https://bizweb.dktcdn.net/100/347/092/products/ji3017-5.jpg?v=1758037822157;https://bizweb.dktcdn.net/100/347/092/products/ji3017-6.jpg?v=1758037823057;https://bizweb.dktcdn.net/100/347/092/products/ji3017-7.jpg?v=1758037824090,"Việc chinh phục những kỷ lục cá nhân mới sẽ trở nên dễ dàng hơn;Công nghệ BOOST nhẹ nhất của chúng tôi nhưng vẫn đảm bảo hoàn trả năng lượng liên tục trên suốt chặng đường, cho bạn cảm giác sảng khoái từ đầu đến cuối. Thêm Hệ thống Torsion giữa gót chân và bàn chân trước để tăng độ ổn định, mang đến cho bạn những bước chạy mượt mà, ổn định dù bạn chạy xa hay nhanh. Tất cả được vận hành trên đế ngoài cao su Continental™ cho độ bám chắc chắn trong cả điều kiện ẩm ướt và khô ráo, giúp bạn tự tin trên đôi chân của mình.;Sản phẩm này sử dụng ít nhất 20% vật liệu tái chế. Bằng cách tái sử dụng vật liệu đã qua sử dụng, chúng tôi góp phần giảm thiểu chất thải, sự phụ thuộc vào tài nguyên hữu hạn và giảm thiểu dấu chân sinh thái của các sản phẩm chúng tôi sản xuất.;Chi tiết;Năng lượng cực cao: Ultraboost 5X có sự thoải mái và đệm êm ái của Ultraboost, nhưng được tích hợp hỗ trợ giữa bàn chân giúp giảm trọng lượng tổng thể xuống còn 17 gram;Thích ứng và gây nghiện: Phần trên PRIMEKNIT siêu giải phẫu tạo ra sự vừa vặn tối ưu trong khi HỖ TRỢ GÓT BÊN NGOÀI ĐƯỢC ĐÚC được tối ưu hóa để cung cấp sự hỗ trợ ở nơi cần thiết nhất;Hỗ trợ cấp độ tiếp theo: Độ bám đẳng cấp thế giới của CONTINENTAL OUTSOLE™ mang lại lực kéo và chuyển tiếp hoàn hảo trong khi hệ thống TORSION mang lại khả năng hỗ trợ cấp độ tiếp theo trong suốt dáng đi tự nhiên của bạn;Vừa vặn thông thường;Khóa ren;Mặt trên bằng vải;Lớp lót dệt;Nhập khẩu"
-4577613648152918028,Giày Adidas Nam Nữ Chính hãng - X_PLRBOOST - Màu Đen | JapanSport HP3141,https://giaynhatchinhhang.vn/adidas-x-plrboost-hp3141,https://bizweb.dktcdn.net/thumb/medium/100/347/092/products/5885ea44-4a6e-4628-98d5-3046215c8b12.jpg?v=1757474048283,1.450.000₫,4.100.000₫,Adidas,"['40', '41']",https://bizweb.dktcdn.net/100/347/092/products/5885ea44-4a6e-4628-98d5-3046215c8b12.jpg?v=1757474048283;https://bizweb.dktcdn.net/100/347/092/products/45a86b79-3245-424f-9f4b-dff7e5e07366.jpg?v=1757474048283;https://bizweb.dktcdn.net/100/347/092/products/13678af6-97e0-4fd3-a111-2921cc64495b.jpg?v=1757474054893;https://bizweb.dktcdn.net/100/347/092/products/695c4aa8-aff4-4577-bc13-f9221406c9b0.jpg?v=1757474054893;https://bizweb.dktcdn.net/100/347/092/products/6c268d98-c14a-47bb-befb-90ac55b55c23.jpg?v=1757474054893;https://bizweb.dktcdn.net/100/347/092/products/355f8c98-4f79-4ead-adbd-df56e30102c9.jpg?v=1757474054893;https://bizweb.dktcdn.net/100/347/092/products/445548a4-ed07-475e-84dc-294773064c09.jpg?v=1757474054893;https://bizweb.dktcdn.net/100/347/092/products/362f60cd-caed-49b3-98d0-d9c48ba8f2ea.jpg?v=1757474054893;https://bizweb.dktcdn.net/100/347/092/products/2b7e5e19-d87b-41d0-902f-c166408dbb55.jpg?v=1757474050490,"Đôi sneaker sành điệu có sử dụng chất liệu tái chế.;Nâng tầm phong cách. Nâng tầm năng lượng. Đôi giày sneaker BOOST này vừa đàn hồi lại vừa thời thượng. Thân giày mềm mại có lớp lót thoải mái. Đế giữa BOOST cho cảm giác thoải mái tuyệt đối trên từng bước chạy.;Làm từ một loạt chất liệu tái chế, thân giày có chứa tối thiểu 50% thành phần tái chế. Sản phẩm này đại diện cho một trong số rất nhiều các giải pháp của chúng tôi hướng tới chấm dứt rác thải nhựa.;Thông tin chi tiết;Dáng regular fit;Có dây giày;Thân giày bằng vải lưới, cao su neoprene và da lộn;Đế giữa BOOST;Torsion System;Đế ngoài bằng cao su;Thân giày có chứa tối thiểu 50% thành phần tái chế;Màu sản phẩm: Đen lõi / Xám mức 5;Mã sản phẩm: HP3141"
-2799412938203086095,Dép Adidas Nam Chính Hãng - Sandal Terrex Sumra - Đen | JapanSport JI2086,https://giaynhatchinhhang.vn/dep-adidas-sandal-terrex-sumra-ji2086,https://bizweb.dktcdn.net/thumb/medium/100/347/092/products/dep-adidas-sandal-terrex-sumra-ji2086-01.jpg?v=1757184450993,980.000₫,1.700.000₫,Adidas,"['40.5', '42']",https://bizweb.dktcdn.net/100/347/092/products/dep-adidas-sandal-terrex-sumra-ji2086-01.jpg?v=1757184450993;https://bizweb.dktcdn.net/100/347/092/products/dep-adidas-sandal-terrex-sumra-ji2086-02.jpg?v=1757184451693;https://bizweb.dktcdn.net/100/347/092/products/dep-adidas-sandal-terrex-sumra-ji2086-03.jpg?v=1757184452400;https://bizweb.dktcdn.net/100/347/092/products/dep-adidas-sandal-terrex-sumra-ji2086-04.jpg?v=1757184452927;https://bizweb.dktcdn.net/100/347/092/products/dep-adidas-sandal-terrex-sumra-ji2086-05.jpg?v=1757184453660;https://bizweb.dktcdn.net/100/347/092/products/dep-adidas-sandal-terrex-sumra-ji2086-06.jpg?v=1757184454480;https://bizweb.dktcdn.net/100/347/092/products/dep-adidas-sandal-terrex-sumra-ji2086-07.jpg?v=1757184455293;https://bizweb.dktcdn.net/100/347/092/products/dep-adidas-sandal-terrex-sumra-ji2086-08.jpg?v=1757184456053,"Đôi dép sandal slip-on đa năng có quai điều chỉnh.;Khi đôi chân bạn cần nghỉ giải lao sau những hành trình phiêu lưu, hãy mang đôi dép sandal adidas Terrex này cho cảm giác mới mẻ. Lòng dép êm ái cho cảm giác thoải mái suốt ngày dài, cùng quai dán giúp bạn dễ dàng xỏ và tháo dép khi nổi hứng vùi chân xuống cát. Di chuyển thật vững từ bãi biển tới tiệc nướng BBQ và hơn thế nữa nhờ đế ngoài Continental™ Rubber siêu bám.;THÔNG TIN SẢN PHẨM;Dáng regular fit;Có quai dán;Thân dép bằng chất liệu tổng hợp;Lớp lót bằng vải dệt;Lòng dép bằng polyurethane;Đế giữa bằng chất liệu EVA;Trọng lượng: 555,5 g (size UK 8.5);Chênh lệch độ cao đế giữa: 7 mm (gót dép: 29 mm / mũi dép: 22 mm);Đế ngoài Continental™ Rubber;Màu sản phẩm: Đen lõi / Trắng mây;Mã sản phẩm: JI2086"
-7527933229674216054,Giày Adidas Chính hãng - Ultraboost 1.0 ATR - Màu Đen | JapanSport IG3088,https://giaynhatchinhhang.vn/giay-adidas-ultraboost-1-0-atr-ig3088,https://bizweb.dktcdn.net/thumb/medium/100/347/092/products/giay-adidas-ultraboost-1-0-atr-ig3088-01.jpg?v=1757097186687,2.280.000₫,5.100.000₫,adidas,"['39', '40']",https://bizweb.dktcdn.net/100/347/092/products/giay-adidas-ultraboost-1-0-atr-ig3088-01.jpg?v=1757097186687;https://bizweb.dktcdn.net/100/347/092/products/giay-adidas-ultraboost-1-0-atr-ig3088-02.jpg?v=1757097187393;https://bizweb.dktcdn.net/100/347/092/products/giay-adidas-ultraboost-1-0-atr-ig3088-03.jpg?v=1757097188100;https://bizweb.dktcdn.net/100/347/092/products/giay-adidas-ultraboost-1-0-atr-ig3088-04.jpg?v=1757097188590;https://bizweb.dktcdn.net/100/347/092/products/giay-adidas-ultraboost-1-0-atr-ig3088-05.jpg?v=1757097189503;https://bizweb.dktcdn.net/100/347/092/products/giay-adidas-ultraboost-1-0-atr-ig3088-06.jpg?v=1757097191500;https://bizweb.dktcdn.net/100/347/092/products/giay-adidas-ultraboost-1-0-atr-ig3088-07.jpg?v=1757097191990;https://bizweb.dktcdn.net/100/347/092/products/giay-adidas-ultraboost-1-0-atr-ig3088-08.jpg?v=1757097192810,"ĐÔI GIÀY SNEAKER SIÊU THOẢI MÁI CÓ SỬ DỤNG CHẤT LIỆU TÁI CHẾ.;Nếu muốn một đôi giày sneaker thường ngày với hiệu năng hoàn hảo, bạn không cần tìm đâu xa. Đôi giày Ultraboost này có các khóa cài bằng kim loại thay vì dây giày — một chi tiết thiết thực đồng bộ với thiết kế thanh thoát, hiện đại. Thân giày adidas PRIMEKNIT ôm vừa khít bàn chân bạn, cùng lớp đệm BOOST hoàn trả năng lượng cho cảm giác thoải mái và nâng đỡ.Làm từ một loạt chất liệu tái chế, thân giày có chứa tối thiểu 50% thành phần tái chế. Sản phẩm này đại diện cho một trong số rất nhiều các giải pháp của chúng tôi hướng tới chấm dứt rác thải nhựa.;Chi tiết sản phẩm;Dáng regular fit;Có khóa cài;Thân giày adidas PRIMEKNIT;Đế giữa BOOST;Lớp lót bằng vải dệt;Đế ngoài bằng cao su;Thân giày có chứa tối thiểu 50% thành phần tái chế;Màu sản phẩm: Đen lõi / Lucid Lemon;Mã sản phẩm: IG3088"
-5472402000824128355,Giày Adidas Nam Chính Hãng - Duramo RC 2 - Màu Trắng | JapanSport JS4428,https://giaynhatchinhhang.vn/adidas-duramo-rc-2-js4428,https://bizweb.dktcdn.net/thumb/medium/100/347/092/products/56db9886-c9c5-4e80-bf40-2f6bae07ae9e.jpg?v=1755925395380,990.000₫,1.800.000₫,Adidas,"['40', '40.5', '41', '42', '42.5', '43', '44']",https://bizweb.dktcdn.net/100/347/092/products/56db9886-c9c5-4e80-bf40-2f6bae07ae9e.jpg?v=1755925395380;https://bizweb.dktcdn.net/100/347/092/products/9b1de043-6fe8-47fe-b3f7-566877075294.jpg?v=1755925396203;https://bizweb.dktcdn.net/100/347/092/products/370fb3b7-8548-4359-afdb-647a858c236c.jpg?v=1755925401453;https://bizweb.dktcdn.net/100/347/092/products/f0d0ce4e-f3b5-423f-a779-7a1a1e11a847.jpg?v=1755925408190;https://bizweb.dktcdn.net/100/347/092/products/de1847f1-e598-4917-a511-d479ca73f02c.jpg?v=1755925408190;https://bizweb.dktcdn.net/100/347/092/products/a3ad17d9-4f37-44a6-83ee-a97530185f4a.jpg?v=1755925408190;https://bizweb.dktcdn.net/100/347/092/products/6fa5a29f-c16b-4504-81ec-4623e23c1d9b.jpg?v=1755925404727;https://bizweb.dktcdn.net/100/347/092/products/57b921f4-e34f-410f-a16a-0dbc5a038547.jpg?v=1755925404727;https://bizweb.dktcdn.net/100/347/092/products/4142fe37-2462-47e1-af85-aed43056ca86.jpg?v=1755925403323,"Giày chạy bộ nhẹ nhàng, êm ái – đồng hành cùng bạn mỗi ngày.;Đôi giày chạy bộ adidas này mang đến cảm giác tuyệt vời và là cú hích tinh thần để bạn bắt đầu hành trình chạy bộ. Gót giày và lưỡi gà được đệm êm ái mang đến cảm giác nhẹ nhàng như được ôm trọn mỗi khi bạn xỏ chân vào, cùng với đế giữa LIGHTMOTION toàn chiều dài mang đến cảm giác nhẹ nhàng và độ đàn hồi linh hoạt cho từng bước chân. Dù trên đường chạy hay vỉa hè, đế ngoài Adiwear bám chắc mang đến độ bền vượt trội.;Thông tin chi tiết;Kiểu dáng tiêu chuẩn;Có dây giày;Thân giày bằng vải dệt;Lớp lót bằng vải dệt;Trọng lượng: 246,0 gram (size UK 8.5);Chênh lệch độ cao đế giữa: Chênh lệch độ cao 6 mm (gót giày 27 mm / mũi giày 21 mm);Đế ngoài bằng cao su;Màu sản phẩm: Trắng mây / Đen lõi / Carbon;Mã sản phẩm: JS4428"
250410073392881619,Giày Adidas Nữ Chính Hãng - ULTRABOOST LIGHT - Màu Đen  | JapanSport IF3028,https://giaynhatchinhhang.vn/adidas-ultraboost-light-if3028,https://bizweb.dktcdn.net/thumb/medium/100/347/092/products/43ff34c9-5269-4a3e-8b82-5a23de485edb.jpg?v=1755919764317,1.980.000₫,5.200.000₫,Adidas,"['36.5', '37', '38']",https://bizweb.dktcdn.net/100/347/092/products/43ff34c9-5269-4a3e-8b82-5a23de485edb.jpg?v=1755919764317;https://bizweb.dktcdn.net/100/347/092/products/89ba017b-eb21-4e3f-b8c2-36c82abe4366.jpg?v=1755919775433;https://bizweb.dktcdn.net/100/347/092/products/16571f39-e042-4114-b6b1-4edbbbbd487e.jpg?v=1755919776633;https://bizweb.dktcdn.net/100/347/092/products/60824fad-8abb-431d-becf-197a5966ba0d.jpg?v=1755919776633;https://bizweb.dktcdn.net/100/347/092/products/fd8e1b9f-ffc3-41e9-849d-f21ff5df97b2.jpg?v=1755919778697;https://bizweb.dktcdn.net/100/347/092/products/4522185b-ea30-420d-905b-7eac8551c186.jpg?v=1755919778697;https://bizweb.dktcdn.net/100/347/092/products/f53c57a8-91f2-4696-91ac-39675d4d364e.jpg?v=1755919778697;https://bizweb.dktcdn.net/100/347/092/products/81d98f58-ddab-4b42-a60b-bfbcfb62a69b.jpg?v=1755919778697,"Giày chạy bộ nhẹ, phản ứng nhanh, vừa vặn và an toàn.;Đôi giày chạy bộ adidas dành cho thiếu niên này mang đến sự thoải mái đặc trưng của thiết kế Ultraboost nhưng lại có trọng lượng nhẹ hơn. Light BOOST thậm chí còn nhẹ hơn và phản hồi nhanh hơn so với các phiên bản trước, cho phép bạn chạy nhanh hơn trong các bài tập hàng ngày và luyện tập. Hệ thống Linear Energy Push System tăng thêm lực đẩy cho mỗi bước chạy, trong khi phần thân trên mềm mại mang lại cảm giác hỗ trợ và an toàn.;Chi tiết;Vừa vặn thông thường;Đóng ren;Mặt trên bằng vải;Cảm giác êm ái, nhạy bén;Hệ thống đẩy năng lượng tuyến tính;Tăng cường ánh sáng;Độ cao đế giữa: 10 mm (gót chân: 29,3 mm / bàn chân trước: 19,3 mm);Đế ngoài cao su Continental™;Màu sắc: Mực Huyền Thoại / Trắng Mây / Xanh Lam Trong Sáng;Mã sản phẩm: IF3028"
2833006922055167714,Giày Adidas Nam Chính Hãng - Duramo RC 2 - Màu đen | JapanSport JS4429,https://giaynhatchinhhang.vn/giay-adidas-duramo-rc-2-js4429,https://bizweb.dktcdn.net/thumb/medium/100/347/092/products/giay-adidas-duramo-rc-2-js4429-1.jpg?v=1755534916597,1.080.000₫,2.400.000₫,Adidas,"['40', '40.5', '41', '42', '42.5', '43', '44']",https://bizweb.dktcdn.net/100/347/092/products/giay-adidas-duramo-rc-2-js4429-1.jpg?v=1755534916597;https://bizweb.dktcdn.net/100/347/092/products/giay-adidas-duramo-rc-2-js4429-5.jpg?v=1755534928913;https://bizweb.dktcdn.net/100/347/092/products/giay-adidas-duramo-rc-2-js4429-3.jpg?v=1755534930907;https://bizweb.dktcdn.net/100/347/092/products/giay-adidas-duramo-rc-2-js4429-2.jpg?v=1755534930907;https://bizweb.dktcdn.net/100/347/092/products/giay-adidas-duramo-rc-2-js4429-6.jpg?v=1755534930217;https://bizweb.dktcdn.net/100/347/092/products/giay-adidas-duramo-rc-2-js4429-4.jpg?v=1755534930217,"Giày chạy nhẹ nhàng, êm ái – đồng hành cùng bạn mỗi ngày.;Đôi giày chạy bộ adidas này mang lại cảm giác tuyệt vời và là cú hích tinh thần để bạn bắt đầu hành trình chạy bộ. Được thiết kế để nâng niu đôi chân bạn, phần gót và lưỡi giày đệm êm mang lại cảm giác dễ chịu khi xỏ vào, còn đế giữa LIGHTMOTION toàn phần nhẹ và nhạy bén, đồng hành theo từng chuyển động. Dù trên đường chạy hay vỉa hè, đế ngoài Adiwear bám chắc mang lại độ bền vượt trội.;THÔNG TIN SẢN PHẨM"
3688416335430554936,Giày Adidas Nam Chính Hãng - Black Water Moc Equipment - Màu Đen | JapanSport JQ0018,https://giaynhatchinhhang.vn/adidas-black-water-moc-equipment-jq0018,https://bizweb.dktcdn.net/thumb/medium/100/347/092/products/giay-adidas-black-water-moc-equipment-jq0018-1.jpg?v=1755284709160,1.280.000₫,3.100.000₫,Adidas,"['39', '40.5']",https://bizweb.dktcdn.net/100/347/092/products/giay-adidas-black-water-moc-equipment-jq0018-1.jpg?v=1755284709160;https://bizweb.dktcdn.net/100/347/092/products/giay-adidas-black-water-moc-equipment-jq0018-2.jpg?v=1755284710947;https://bizweb.dktcdn.net/100/347/092/products/giay-adidas-black-water-moc-equipment-jq0018-3.jpg?v=1755284711663;https://bizweb.dktcdn.net/100/347/092/products/giay-adidas-black-water-moc-equipment-jq0018-4.jpg?v=1755284713360;https://bizweb.dktcdn.net/100/347/092/products/giay-adidas-black-water-moc-equipment-jq0018-5.jpg?v=1755284715173;https://bizweb.dktcdn.net/100/347/092/products/giay-adidas-black-water-moc-equipment-jq0018-6.jpg?v=1755284715950,"Giày lười đi nước với thiết kế dành riêng cho những chuyến phiêu lưu.;Hãy dấn thân vào cuộc phiêu lưu cùng giày adidas Water Moc EQT. Dựa trên phiên bản năm 1997, đôi giày lười này ban đầu được thiết kế cho các hoạt động dưới nước, đặc biệt là chèo thuyền kayak. Giờ đây, chúng đã trở lại, mang đến thiết kế tiện dụng cho những chuyến khám phá hàng ngày của bạn. Thân giày bằng lưới với lớp lót thoải mái, đế ngoài bằng cao su chắc chắn với các gờ bám dày. Các lỗ thoát nước ở hai bên hông giày giúp bạn thoải mái khi bị ướt.;THÔNG TIN SẢN PHẨM;Giày lười có dây buộc;Mặt trên bằng vải và tổng hợp;Lớp lót bằng vải;Đế ngoài bằng cao su;Nhập khẩu;Màu sản phẩm: Đen lõi / Đen carbon / Xám sáu;Mã sản phẩm: JQ0018"
7250369926235104578,Giày Adidas Nam Chính Hãng - Stan Smith Lux - Màu đen| JapanSport HQ6787,https://giaynhatchinhhang.vn/giay-adidas-stan-smith-lux-hq6787,https://bizweb.dktcdn.net/thumb/medium/100/347/092/products/giay-adidas-stan-smith-lux-hq6787-1.jpg?v=1753559577697,1.550.000₫,3.000.000₫,Adidas Japan,"['39', '40', '40.5']",https://bizweb.dktcdn.net/100/347/092/products/giay-adidas-stan-smith-lux-hq6787-1.jpg?v=1753559577697;https://bizweb.dktcdn.net/100/347/092/products/giay-adidas-stan-smith-lux-hq6787-11.jpg?v=1753559591773;https://bizweb.dktcdn.net/100/347/092/products/giay-adidas-stan-smith-lux-hq6787-2.jpg?v=1753559591773;https://bizweb.dktcdn.net/100/347/092/products/giay-adidas-stan-smith-lux-hq6787-3.jpg?v=1753559591773;https://bizweb.dktcdn.net/100/347/092/products/giay-adidas-stan-smith-lux-hq6787-4.jpg?v=1753559591773;https://bizweb.dktcdn.net/100/347/092/products/giay-adidas-stan-smith-lux-hq6787-5.jpg?v=1753559591773;https://bizweb.dktcdn.net/100/347/092/products/giay-adidas-stan-smith-lux-hq6787-6.jpg?v=1753559591773;https://bizweb.dktcdn.net/100/347/092/products/giay-adidas-stan-smith-lux-hq6787-7.jpg?v=1753559591773;https://bizweb.dktcdn.net/100/347/092/products/giay-adidas-stan-smith-lux-hq6787-8.jpg?v=1753559591773;https://bizweb.dktcdn.net/100/347/092/products/giay-adidas-stan-smith-lux-hq6787-9.jpg?v=1753559591773;https://bizweb.dktcdn.net/100/347/092/products/giay-adidas-stan-smith-lux-hq6787-10.jpg?v=1753559591773,"Một đôi giày Stan Smith siêu sang trọng được làm từ da thuộc cao cấp.;Giày Stan Smith Lux kế thừa tinh hoa của mẫu giày tennis kinh điển nguyên bản, đồng thời mang đến vẻ ngoài hiện đại, tinh tế. Chất da dày dặn, mềm mại ôm trọn bàn chân bạn, trong khi đế ngoài thấp giúp bạn giữ vững phong cách đích thực. Đường khâu tối giản vẫn giữ nguyên thiết kế biểu tượng, với 3 Sọc đục lỗ và dòng chữ Stan Smith cùng tông màu tạo điểm nhấn hoàn thiện. Một trong những điểm tuyệt vời nhất là đôi giày này có thể kết hợp với mọi trang phục, nhưng sẽ không đặc biệt đẹp mắt khi kết hợp với quần jean cao cấp hoặc quần âu.;Chi tiết;Kiểu dáng vừa vặn;Khóa ren;Mặt trên bằng da dày;Lớp lót bằng da;Đế ngoài bằng cao su chống mài mòn thấp;Nhập khẩu;Màu sản phẩm: Đen lõi;Mã sản phẩm: HQ6787"
-4414279128315761002,Giày Adidas Nam Chính Hãng - Stan Smith Lux - Màu đen/trắng | JapanSport JH9719,https://giaynhatchinhhang.vn/giay-adidas-stan-smith-lux-jh9719,https://bizweb.dktcdn.net/thumb/medium/100/347/092/products/adidas-stan-smith-lux-jh9719-01.jpg?v=1753545992627,1.380.000₫,3.000.000₫,Adidas Japan,"['39', '40', '40.5', '41', '42', '42.5', '43', '44']",https://bizweb.dktcdn.net/100/347/092/products/adidas-stan-smith-lux-jh9719-01.jpg?v=1753545992627;https://bizweb.dktcdn.net/100/347/092/products/adidas-stan-smith-lux-jh9719-02.jpg?v=1753545994317;https://bizweb.dktcdn.net/100/347/092/products/adidas-stan-smith-lux-jh9719-04.jpg?v=1753546007333;https://bizweb.dktcdn.net/100/347/092/products/adidas-stan-smith-lux-jh9719-03.jpg?v=1753546007333;https://bizweb.dktcdn.net/100/347/092/products/adidas-stan-smith-lux-jh9719-05.jpg?v=1753545999060;https://bizweb.dktcdn.net/100/347/092/products/adidas-stan-smith-lux-jh9719-06.jpg?v=1753546000577;https://bizweb.dktcdn.net/100/347/092/products/adidas-stan-smith-lux-jh9719-07.jpg?v=1753546002830,"Một đôi giày Stan Smith siêu sang trọng được làm từ da thuộc cao cấp.;Giày Stan Smith Lux kế thừa tinh hoa của mẫu giày tennis kinh điển nguyên bản, đồng thời mang đến vẻ ngoài hiện đại, tinh tế. Chất da dày dặn, mềm mại ôm trọn bàn chân bạn, trong khi đế ngoài thấp giúp bạn giữ vững phong cách đích thực. Đường khâu tối giản vẫn giữ nguyên thiết kế biểu tượng, với 3 Sọc đục lỗ và dòng chữ Stan Smith cùng tông màu tạo điểm nhấn hoàn thiện. Một trong những điểm tuyệt vời nhất là đôi giày này có thể kết hợp với mọi trang phục, nhưng sẽ không đặc biệt đẹp mắt khi kết hợp với quần jean cao cấp hoặc quần âu.;Chi tiết;Kiểu dáng vừa vặn;Khóa ren;Mặt trên bằng da dày;Lớp lót bằng da;Đế ngoài bằng cao su chống mài mòn thấp;Nhập khẩu;Màu sản phẩm: Đen lõi / Trắng mây;Mã sản phẩm: JH9719"
1221633267056019715,Giày Adidas Nam Chính Hãng - PUREBOOST 5 - Màu Trắng Xám | JapanSport IE8463,https://giaynhatchinhhang.vn/adidas-pureboost-5-ie8463,https://bizweb.dktcdn.net/thumb/medium/100/347/092/products/2b97bab7-acd2-4735-8def-ef595823f664.jpg?v=1752488473473,1.680.000₫,3.200.000₫,Adidas,"['41', '42']",https://bizweb.dktcdn.net/100/347/092/products/2b97bab7-acd2-4735-8def-ef595823f664.jpg?v=1752488473473;https://bizweb.dktcdn.net/100/347/092/products/9b38e99d-fab3-404e-8e3c-06a043680c6c.jpg?v=1752488502860;https://bizweb.dktcdn.net/100/347/092/products/71db2d0c-1b95-4a27-a870-45af6a57eb7d.jpg?v=1752488506377;https://bizweb.dktcdn.net/100/347/092/products/e465e8de-97c8-4c94-8ee4-5d52dfd3b414.jpg?v=1752488506377;https://bizweb.dktcdn.net/100/347/092/products/17d00ba1-7e25-438d-8863-0c6cb3172697.jpg?v=1752488506377;https://bizweb.dktcdn.net/100/347/092/products/eab1c57a-acec-4e7a-8dce-9ddecbc9f4b8.jpg?v=1752488502860;https://bizweb.dktcdn.net/100/347/092/products/6c4cd88a-15f1-4d0a-8494-18668fe110b2.jpg?v=1752488504360;https://bizweb.dktcdn.net/100/347/092/products/8f0156c7-5e69-44f4-9e71-27fbaf4acdae.jpg?v=1752488504360,"Đôi giày chạy bộ thường ngày có sử dụng chất liệu tái chế.;Từ chạy bộ buổi sáng đến chạy việc vặt buổi chiều, bạn sẽ cảm thấy sung sức suốt ngày dài hờ đôi giày chạy bộ adidas này. Lớp đệm BOOST nhẹ nhất từ trước đến nay của chúng tôi giúp cho sải bước luôn đàn hồi, cùng thân giày bằng vải lưới thoải mái được mang lại cảm giác thông thoáng và nâng đỡ tối ưu. Tự tin sải bước trên mọi địa hình nhờ đế ngoài Adiwear siêu bám.;Sản phẩm này có chứa tối thiểu 20% chất liệu tái chế. Bằng cách tái sử dụng các chất liệu đã được tạo ra, chúng tôi góp phần giảm thiểu lãng phí và hạn chế phụ thuộc vào các nguồn tài nguyên hữu hạn, cũng như giảm phát thải từ các sản phẩm mà chúng tôi sản xuất.;Thông tin chi tiết;Dáng regular fit;Có dây giày;Thân giày bằng vải lưới kỹ thuật;Lớp lót bằng vải dệt;Đệm Light BOOST;Trọng lượng: 252 g (size UK 8.5);Chênh lệch độ cao đế giữa: 10 mm (gót giày 33 mm / mũi giày 23 mm);Đế ngoài Adiwear;Có chứa tối thiểu 20% thành phần tái chế;Màu sản phẩm: Trắng mây / Bạc ánh kim / Spark;Mã sản phẩm: IE8463"
-665587332320470022,Giày Adidas Nam Chính Hãng - VULCRAID3R SLIP ON - Màu Đen | JapanSport GW4107,https://giaynhatchinhhang.vn/adidas-vulcraid3r-slip-on-gw4107,https://bizweb.dktcdn.net/thumb/medium/100/347/092/products/61a0ocejzcl-ac-sy695-77c656b3-b6a2-4564-a2a9-723a8bedb560.jpg?v=1752478195573,880.000₫,1.800.000₫,Adidas,"['36.5', '39']",https://bizweb.dktcdn.net/100/347/092/products/61a0ocejzcl-ac-sy695-77c656b3-b6a2-4564-a2a9-723a8bedb560.jpg?v=1752478195573;https://bizweb.dktcdn.net/100/347/092/products/615f-gstsfl-ac-sy695.jpg?v=1752478207283;https://bizweb.dktcdn.net/100/347/092/products/61iicc3ei9l-ac-sy695.jpg?v=1752478207283;https://bizweb.dktcdn.net/100/347/092/products/61k1bof6w4l-ac-sy695.jpg?v=1752478207283;https://bizweb.dktcdn.net/100/347/092/products/61pzpa8lywl-ac-sy695.jpg?v=1752478207283;https://bizweb.dktcdn.net/100/347/092/products/71jnqlqk6kl-ac-sy695.jpg?v=1752478207283;https://bizweb.dktcdn.net/100/347/092/products/71nnwaofo2l-ac-sy695.jpg?v=1752478207283,"Adidas VULCRAID3R SLIP ON   GW4107;Dù bạn đang chơi ván trượt hay tập luyện ngoài trời, giày thể thao adidas slip-on sẽ luôn mang đến sự thoải mái. Một đôi giày được trang bị đế cao su chắc chắn, được các vận động viên trượt ván yêu thích. Thân giày bằng vải canvas nhẹ và thoáng khí với họa tiết hình ảnh thoải mái, giúp bạn luôn mát mẻ suốt mùa hè. Sản phẩm này là một trong những sáng kiến của adidas hướng đến mục tiêu không rác thải nhựa, bao gồm hơn 50% vật liệu tái chế được sử dụng cho thân giày.;Chi tiết;Giày lười Adidas Valkyado 3R U;adidas VULCRAID3R SLIP ON U;Số sản phẩm: GW4107;Màu sắc: Đen lõi, Cam tín hiệu, Giày trắng"
-3040661791816755291,Giày Adidas Chính Hãng - STAN SMITH -Trắng | JapanSport FX5500,https://giaynhatchinhhang.vn/giay-adidas-stan-smith-fx5500,https://bizweb.dktcdn.net/thumb/medium/100/347/092/products/giay-adidas-stan-smith-fx5500-1.jpg?v=1752141715287,1.480.000₫,3.000.000₫,Adidas Japan,"['39', '40', '40.5', '41', '42', '42.5', '43', '44']",https://bizweb.dktcdn.net/100/347/092/products/giay-adidas-stan-smith-fx5500-1.jpg?v=1752141715287;https://bizweb.dktcdn.net/100/347/092/products/giay-adidas-stan-smith-fx5500-2.jpg?v=1752141716097;https://bizweb.dktcdn.net/100/347/092/products/giay-adidas-stan-smith-fx5500-8.jpg?v=1752141724983;https://bizweb.dktcdn.net/100/347/092/products/giay-adidas-stan-smith-fx5500-9.jpg?v=1752141727793;https://bizweb.dktcdn.net/100/347/092/products/giay-adidas-stan-smith-fx5500-7.jpg?v=1752141727793;https://bizweb.dktcdn.net/100/347/092/products/giay-adidas-stan-smith-fx5500-3.jpg?v=1752141727793;https://bizweb.dktcdn.net/100/347/092/products/giay-adidas-stan-smith-fx5500-4.jpg?v=1752141727793;https://bizweb.dktcdn.net/100/347/092/products/giay-adidas-stan-smith-fx5500-5.jpg?v=1752141727793;https://bizweb.dktcdn.net/100/347/092/products/giay-adidas-stan-smith-fx5500-6.jpg?v=1752141727793,"STAN SMITH, MÃI MÃI. ĐẬM CHẤT BIỂU TƯỢNG. GIỜ ĐÂY CÀNG BỀN VỮNG HƠN.;Vẻ đẹp kinh điển. Phong cách vốn dĩ. Đa năng hàng ngày. Suốt hơn 50 năm qua và chưa dừng ở đó, giày adidas Stan Smith luôn giữ vững vị trí là một biểu tượng. Đôi giày này là phiên bản cải biên mới mẻ, là một phần cam kết của adidas hướng tới chỉ sử dụng polyester tái chế bắt đầu từ năm 2024. Với thân giày vegan và đế ngoài làm từ cao su phế liệu, đôi giày này vẫn mang phong cách đầy tính biểu tượng, đồng thời thân thiện với môi trường. Giày sử dụng chất liệu vegan thay cho thành phần hoặc chất liệu có nguồn gốc từ động vật. Sản phẩm này may bằng vải công nghệ Primegreen, thuộc dòng chất liệu tái chế hiệu năng cao. Thân giày chứa 50% thành phần tái chế. Không sử dụng polyester nguyên sinh.;THÔNG SỐ;Dáng regular fit;Có dây giày;Lớp lót bằng chất liệu tổng hợp;Đế ngoài bằng cao su;Vegan;Màu sản phẩm: Trắng mây / Đen lõi;Mã sản phẩm: FX5500"
754276189510733832,Giày Adidas Nữ Chính Hãng - adidas x Overtime Ultraboost 5X - Màu trắng  | JapanSport JQ0231,https://giaynhatchinhhang.vn/giay-adidas-x-overtime-ultraboost-5x-jq0231,https://bizweb.dktcdn.net/thumb/medium/100/347/092/products/giay-adidas-x-overtime-ultraboost-5x-jq0231-01.jpg?v=1752059102100,2.750.000₫,5.300.000₫,Adidas,"['36.5', '37', '38', '38.5', '39', '40']",https://bizweb.dktcdn.net/100/347/092/products/giay-adidas-x-overtime-ultraboost-5x-jq0231-01.jpg?v=1752059102100;https://bizweb.dktcdn.net/100/347/092/products/giay-adidas-x-overtime-ultraboost-5x-jq0231-02.jpg?v=1752059103640;https://bizweb.dktcdn.net/100/347/092/products/giay-adidas-x-overtime-ultraboost-5x-jq0231-03.jpg?v=1752059105160;https://bizweb.dktcdn.net/100/347/092/products/giay-adidas-x-overtime-ultraboost-5x-jq0231-04.jpg?v=1752059106760;https://bizweb.dktcdn.net/100/347/092/products/giay-adidas-x-overtime-ultraboost-5x-jq0231-05.jpg?v=1752059108060;https://bizweb.dktcdn.net/100/347/092/products/giay-adidas-x-overtime-ultraboost-5x-jq0231-06.jpg?v=1752059109630;https://bizweb.dktcdn.net/100/347/092/products/giay-adidas-x-overtime-ultraboost-5x-jq0231-07.jpg?v=1752059110993;https://bizweb.dktcdn.net/100/347/092/products/giay-adidas-x-overtime-ultraboost-5x-jq0231-08.jpg?v=1752059112810,"Giày chạy siêu nhạy được làm một phần bằng vật liệu tái chế.;Những bước chạy khó khăn của bạn sẽ trở nên dễ dàng hơn trong đôi giày chạy adidas này. Ultraboost 5X mang đến lực đẩy mạnh hơn trên mỗi dặm để bạn cảm thấy sảng khoái từ đầu đến cuối. Với phần hỗ trợ giữa bàn chân tích hợp giúp giảm trọng lượng 0,6 ounce và LIGHTBOOST mang lại lớp đệm nhẹ hơn 10%, Ultraboost 5X thực sự là mẫu giày nhẹ nhất từ ​​trước đến nay. Cảm thấy an toàn trong phần trên Primeknit với phần hỗ trợ gót chân bên ngoài được đúc khuôn để mang lại sự vừa vặn tối ưu. Hệ thống Torsion giữa gót chân và bàn chân trước mang lại sự ổn định cho sải chân mượt mà, đều đặn bất kể bạn đi xa hay nhanh đến đâu. Tất cả đều nằm trên đế ngoài cao su Continental™ để tăng thêm độ bám trong điều kiện ướt và khô để bạn luôn tự tin trên đôi chân của mình.;THÔNG TIN SẢN PHẨM;Khóa ren;Mặt trên bằng vải và tổng hợp;Lớp lót bằng vải;Hệ thống Torsion;Light BOOST;Trọng lượng: 8,4 ounce (cỡ 7);Độ dốc đế giữa: 10 mm (gót 38 mm / bàn chân trước 28 mm);Đế ngoài bằng cao su Continental™;Chứa ít nhất 20% thành phần tái chế;Nhập khẩu;Màu sản phẩm: Trắng mây / Đen lõi;Mã sản phẩm: JQ0231"
-3164555831686237340,Giày Adidas Nữ Chính Hãng - Ultraboost 5X Shoes - màu trắng cam | JapanSport JH9021,https://giaynhatchinhhang.vn/giay-adidas-ultraboost-5x-jh9021,https://bizweb.dktcdn.net/thumb/medium/100/347/092/products/giay-adidas-ultraboost-5x-jh9021-01.jpg?v=1752058810757,2.650.000₫,5.300.000₫,Adidas,"['36.5', '37', '38', '38.5', '39']",https://bizweb.dktcdn.net/100/347/092/products/giay-adidas-ultraboost-5x-jh9021-01.jpg?v=1752058810757;https://bizweb.dktcdn.net/100/347/092/products/giay-adidas-ultraboost-5x-jh9021-02.jpg?v=1752058812113;https://bizweb.dktcdn.net/100/347/092/products/giay-adidas-ultraboost-5x-jh9021-03.jpg?v=1752058813773;https://bizweb.dktcdn.net/100/347/092/products/giay-adidas-ultraboost-5x-jh9021-04.jpg?v=1752058815527;https://bizweb.dktcdn.net/100/347/092/products/giay-adidas-ultraboost-5x-jh9021-05.jpg?v=1752058816953;https://bizweb.dktcdn.net/100/347/092/products/giay-adidas-ultraboost-5x-jh9021-06.jpg?v=1752058818270;https://bizweb.dktcdn.net/100/347/092/products/giay-adidas-ultraboost-5x-jh9021-07.jpg?v=1752058818947;https://bizweb.dktcdn.net/100/347/092/products/giay-adidas-ultraboost-5x-jh9021-08.jpg?v=1752058820713;https://bizweb.dktcdn.net/100/347/092/products/giay-adidas-ultraboost-5x-jh9021-09.jpg?v=1752058822587;https://bizweb.dktcdn.net/100/347/092/products/giay-adidas-ultraboost-5x-jh9021-010.jpg?v=1752058824353,"Một thế hệ giày chạy bộ BOOST mới được làm một phần bằng vật liệu tái chế.;Việc theo đuổi các kỷ lục cá nhân mới trở nên dễ dàng hơn với những đôi giày chạy bộ adidas này. Đôi BOOST nhẹ nhất của chúng tôi vẫn cung cấp năng lượng liên tục trên nhiều dặm đường để bạn cảm thấy tươi mới từ đầu đến cuối. Thêm Hệ thống Torsion giữa gót chân và bàn chân trước để tạo sự ổn định và bạn sẽ có được sải chân mượt mà, ổn định bất kể bạn đi xa hay nhanh đến đâu. Tất cả đều chạy trên đế ngoài cao su Continental™ để có lực kéo an toàn trong điều kiện ẩm ướt và khô ráo giúp bạn tự tin trên đôi chân của mình.;Sản phẩm này có ít nhất 20% vật liệu tái chế. Bằng cách tái sử dụng các vật liệu đã được tạo ra, chúng tôi giúp giảm thiểu chất thải và sự phụ thuộc của chúng tôi vào các nguồn tài nguyên hữu hạn và giảm dấu chân của các sản phẩm chúng tôi;THÔNG TIN SẢN PHẨM;Kiểu dáng vừa vặn;Khóa ren;Thân giày bằng vải;Lớp lót bằng vải;Hệ thống Torsion;Light BOOST;Trọng lượng: 8,4 ounce (cỡ 7);Độ dốc đế giữa: 10 mm (gót giày 38 mm / bàn chân trước 28 mm);Đế ngoài bằng cao su Continental™;Chứa ít nhất 20% thành phần tái chế;Nhập khẩu;Màu sản phẩm: Trắng Wonder / Đỏ Lucid / Be Putty;Mã sản phẩm: JH9021"
-8082054188870719014,Giày Adidas Nam Nữ Chính hãng - X_PLRBOOST - Màu Đen | JapanSport ID9574,https://giaynhatchinhhang.vn/adidas-x-plrboost-id9574,https://bizweb.dktcdn.net/thumb/medium/100/347/092/products/3b033347-f348-4ad9-b261-77bff860e716.jpg?v=1751603099603,1.450.000₫,4.900.000₫,Adidas,"['40', '41']",https://bizweb.dktcdn.net/100/347/092/products/3b033347-f348-4ad9-b261-77bff860e716.jpg?v=1751603099603;https://bizweb.dktcdn.net/100/347/092/products/c232c1a8-4514-4a67-b3e2-1ffd4946429a.jpg?v=1751603114190;https://bizweb.dktcdn.net/100/347/092/products/8b860162-a18a-4164-9dbe-fa0983701069.jpg?v=1751603114190;https://bizweb.dktcdn.net/100/347/092/products/e43cadbb-3fdb-4f60-b39f-7dcb5097633c.jpg?v=1751603114190;https://bizweb.dktcdn.net/100/347/092/products/05310084-04f2-4702-b710-07e327c93d06.jpg?v=1751603117003;https://bizweb.dktcdn.net/100/347/092/products/81d6cafe-a804-468f-b714-452125a227f4.jpg?v=1751603117003;https://bizweb.dktcdn.net/100/347/092/products/f1b91e90-4dac-4e70-bb6a-88f20ede6b6d.jpg?v=1751603118013;https://bizweb.dktcdn.net/100/347/092/products/1fc8e73a-39a8-4ed3-924e-5d230b06e2ac.jpg?v=1751603118013;https://bizweb.dktcdn.net/100/347/092/products/645e6f67-cea3-49c3-83fe-68515d320fd8.jpg?v=1751603118013,"Giày thể thao thời trang được làm một phần từ vật liệu tái chế.;Nâng cao phong cách. Nâng cao năng lượng. Những đôi giày thể thao BOOST này phản ứng nhanh và phong cách. Phần trên mềm mại được lót để tạo sự thoải mái. Nó nằm trên đế giữa BOOST mang đến cho bạn sự thoải mái tối đa trong từng bước đi. Được làm bằng một loạt các vật liệu tái chế, phần trên này có ít nhất 50% thành phần tái chế. Sản phẩm này chỉ là một trong những giải pháp của chúng tôi nhằm giúp chấm dứt rác thải nhựa.;Chi tiết;Vừa vặn thông thường;Đóng ren;Mặt trên bằng lưới, cao su tổng hợp và da lộn;Đế giữa BOOST;Hệ thống xoắn;Đế ngoài bằng cao su;Phần trên chứa tối thiểu 50% vật liệu tái chế;Màu sắc: Legend Ink / Lucid Lemon / Carbon;Mã sản phẩm: ID9574"
1536535803544300719,Giày Adidas Chính Hãng - Adistar CS 2 Repetitor+ - Màu Hồng | JapanSport ID0373,https://giaynhatchinhhang.vn/adidas-adistar-cs-2-repetitor-id0373,https://bizweb.dktcdn.net/thumb/medium/100/347/092/products/dfa12c73-2023-4267-9b0c-e094b643b9a1.jpg?v=1750472657717,1.580.000₫,4.500.000₫,Adidas,"['37', '39', '40', '41']",https://bizweb.dktcdn.net/100/347/092/products/dfa12c73-2023-4267-9b0c-e094b643b9a1.jpg?v=1750472657717;https://bizweb.dktcdn.net/100/347/092/products/5ef228f3-340b-4bf8-a58d-0ff2d610782f.jpg?v=1750472661623;https://bizweb.dktcdn.net/100/347/092/products/6d321d83-2afb-4758-a1d9-8583e674dfd8.jpg?v=1750472661623;https://bizweb.dktcdn.net/100/347/092/products/1cba569e-8c72-4520-9b6f-6e11c6eccd74.jpg?v=1750472661623;https://bizweb.dktcdn.net/100/347/092/products/257c35ae-5857-4efe-9ae4-2139f6d0a385.jpg?v=1750472657717;https://bizweb.dktcdn.net/100/347/092/products/263e5f1e-eeae-4242-a0fc-772a1796648d.jpg?v=1750472657717;https://bizweb.dktcdn.net/100/347/092/products/83194537-3916-4347-b474-2972ede234d2.jpg?v=1750472669247;https://bizweb.dktcdn.net/100/347/092/products/953b6499-bc53-40ed-9aee-b4bff4c4505e.jpg?v=1750472669247;https://bizweb.dktcdn.net/100/347/092/products/1048c92a-56af-490b-a810-fdb6606c0b55.jpg?v=1750472669247,"Đôi giày chạy bộ với lớp đệm êm ái tối đa, có sử dụng chất liệu tái chế.;Chạy đường dài với tốc độ chậm nay trở nên dễ dàng hơn bao giờ hết nhờ đôi giày chạy bộ adidas này. Đế giữa REPETITOR và REPETITOR+ mật độ kép kết hợp giữa mút foam siêu nhẹ tạo lớp đệm đàn hồi và hợp chất cứng cáp bao bọc gót giày. Kiểu dáng đế rocker uốn cong cho sải bước mượt mà và tạo đà tiến về phía trước, thúc đẩy bạn tiến bước.;Sản phẩm này có chứa tối thiểu 20% chất liệu tái chế. Bằng cách tái sử dụng các chất liệu đã được tạo ra, chúng tôi góp phần giảm thiểu lãng phí và hạn chế phụ thuộc vào các nguồn tài nguyên hữu hạn, cũng như giảm phát thải từ các sản phẩm mà chúng tôi sản xuất.;Thông tin chi tiết;Dáng regular fit;Có dây giày;Thân giày bằng vải dệt;Lớp lót bằng vải dệt;Đế giữa REPETITOR và REPETITOR+ mật độ kép;Đế ngoài bằng cao su;Trọng lượng: 300 gram (size UK 5.5);Chênh lệch độ cao đế giữa: 5 mm (gót giày: 35 mm / mũi giày: 30 mm);Có chứa tối thiểu 20% thành phần tái chế;Màu sản phẩm: Trắng phấn / Trắng pha lê / Hồng trong suốt;Mã sản phẩm: ID0373"
-1079193167737209479,Giày Adidas Nữ Chính hãng - Ultraboost 22 - Màu Đen | JapanSport GX6642,https://giaynhatchinhhang.vn/adidas-ultraboost-22-gx6642,https://bizweb.dktcdn.net/thumb/medium/100/347/092/products/s-l1600-78598ad2-5f1a-4597-b601-cb005dd5b6cd.jpg?v=1749701476393,1.980.000₫,5.200.000₫,Adidas,"['36.5', '37']",https://bizweb.dktcdn.net/100/347/092/products/s-l1600-78598ad2-5f1a-4597-b601-cb005dd5b6cd.jpg?v=1749701476393;https://bizweb.dktcdn.net/100/347/092/products/s-l1600-5-9620f700-9aee-4f1a-8188-d13b6347ddfa.jpg?v=1749701478760;https://bizweb.dktcdn.net/100/347/092/products/s-l1600-1-1ecfb134-368f-41c4-82c7-a70a5c34e402.jpg?v=1749701478760;https://bizweb.dktcdn.net/100/347/092/products/s-l1600-2-618adc51-9234-43a9-9654-0e2730dce875.jpg?v=1749701478760;https://bizweb.dktcdn.net/100/347/092/products/s-l1600-3-167166f3-aa72-4cf7-8e9d-8238f98fe932.jpg?v=1749701478760;https://bizweb.dktcdn.net/100/347/092/products/s-l1600-4-ba22dcc0-2a9f-4c16-b818-9ef3b9e89032.jpg?v=1749701478760;https://bizweb.dktcdn.net/100/347/092/products/s-l1600-6-9ace3bdc-1d6e-4b50-9e88-ed42a6699801.jpg?v=1749701477647;https://bizweb.dktcdn.net/100/347/092/products/s-l1600-7-802f8412-4da1-4a53-890e-0de6240c0afd.jpg?v=1749701477647,
-8418913599508800036,Giày Adidas Nữ Chính Hãng - PUREBOOST JET - Màu Trắng | JapanSport GW0906,https://giaynhatchinhhang.vn/adidas-pureboost-jet-gw0906,https://bizweb.dktcdn.net/thumb/medium/100/347/092/products/2589a27f-39fe-47ca-bff5-55caa5622a1b.jpg?v=1749698734797,1.380.000₫,4.100.000₫,Adidas,"['37', '38']",https://bizweb.dktcdn.net/100/347/092/products/2589a27f-39fe-47ca-bff5-55caa5622a1b.jpg?v=1749698734797;https://bizweb.dktcdn.net/100/347/092/products/50c30ceb-04de-4bb4-bb2c-c4376df8454f.jpg?v=1749698735787;https://bizweb.dktcdn.net/100/347/092/products/e63918ea-11cc-40c3-810c-15e169e8830c.jpg?v=1749698739110;https://bizweb.dktcdn.net/100/347/092/products/e8c4d4cd-62f5-49f8-a645-63dd6da5e942.jpg?v=1749698746253;https://bizweb.dktcdn.net/100/347/092/products/92cb9b7a-699a-4b81-b88c-a0f8821da940.jpg?v=1749698746253;https://bizweb.dktcdn.net/100/347/092/products/34e7a131-6796-4bd8-83f7-e491a8ea7f98.jpg?v=1749698746253;https://bizweb.dktcdn.net/100/347/092/products/cbba02e6-9221-490a-a221-8b8dfab12bda.jpg?v=1749698746253;https://bizweb.dktcdn.net/100/347/092/products/40fccaa5-549a-4647-a131-e24b96eb3ffd.jpg?v=1749698746253;https://bizweb.dktcdn.net/100/347/092/products/0a8eb97a-7d89-4706-aa66-d2a0d3ff7be4.jpg?v=1749698746253;https://bizweb.dktcdn.net/100/347/092/products/bfa72ad0-ee06-4cd3-a410-451f076eb3a6.jpg?v=1749698746253,"Giày chạy bộ hàng ngày được làm một phần từ vật liệu tái chế.;Bạn không cần phải chạy xa để cảm nhận được lợi ích của việc tập luyện. Hãy xỏ đôi giày adidas này và bạn chỉ cách tâm trạng vui vẻ vài dặm. Chúng được thiết kế cho những lần chạy ngắn, với đế giữa BOOST mang lại khả năng hoàn trả năng lượng đáng kinh ngạc với mỗi bước chân. Đế ngoài Stretchweb uốn cong tự nhiên để có một chuyến đi tràn đầy năng lượng và Cao su Continental™ mang đến cho bạn lực kéo vượt trội.;Chi tiết;Vừa vặn thông thường;Đóng ren;Phần trên bằng vải;Đế giữa BOOST;Lớp lót dệt;Độ cao của đế giữa: 10 mm (gót chân: 20 mm / bàn chân trước: 10 mm);Đế ngoài Stretchweb với cao su Continental™;Phần trên chứa tối thiểu 50% vật liệu tái chế;Màu sản phẩm: Trắng mây / Bạc ánh kim / Đen lõi;Mã sản phẩm: GW0906"
816891828580538517,Giày Adidas Chính hãng - Kaptir 3.0 - Màu Trắng | JapanSport IE6624,https://giaynhatchinhhang.vn/adidas-kaptir-3-0-ie6624,https://bizweb.dktcdn.net/thumb/medium/100/347/092/products/9cf9b4be-4683-4a51-ac66-7c87e5c6ede2.jpg?v=1748407147737,1.050.000₫,1.800.000₫,adidas,"['40.5', '41', '42.5', '43']",https://bizweb.dktcdn.net/100/347/092/products/9cf9b4be-4683-4a51-ac66-7c87e5c6ede2.jpg?v=1748407147737;https://bizweb.dktcdn.net/100/347/092/products/57c54810-4943-488b-ab64-6478f02173aa.jpg?v=1748407149643;https://bizweb.dktcdn.net/100/347/092/products/02515931-dca1-4656-a137-0e7e3a41607a.jpg?v=1748407151690;https://bizweb.dktcdn.net/100/347/092/products/b013623e-bb41-4cf7-94b7-595dd8e805b5.jpg?v=1748407153650;https://bizweb.dktcdn.net/100/347/092/products/ccde5097-8174-4ac2-8b4e-41b65b2d6332.jpg?v=1748407154410;https://bizweb.dktcdn.net/100/347/092/products/e6161e2b-05f5-4bec-8ddf-c7fd605d70d8.jpg?v=1748407155970;https://bizweb.dktcdn.net/100/347/092/products/a22eedcc-2550-4b48-8fa6-8c2b58751b53.jpg?v=1748407158293;https://bizweb.dktcdn.net/100/347/092/products/7b8f2183-bba0-4feb-9ecd-db263ef5a7b8.jpg?v=1748407160353,"Giày chạy Adidas Chính hãng - Kaptir 3.0 - Màu Trắng | IE6624;THÔNG TIN SẢN PHẨM;Giày thể thao siêu thoải mái được làm một phần bằng vật liệu tái chế.Giữ thăng bằng khi bạn lướt nhẹ nhàng từ A đến B. Với lớp đệm Cloudfoam nhẹ, đôi giày thể thao adidas này mang đến sự thoải mái ngay khi bạn di chuyển trong ngày. Đế ngoài bằng cao su giúp bạn bám chắc, ngay cả khi đường trơn trượt. Cho dù bạn kết hợp đôi giày này với quần jean hay quần chạy bộ, thương hiệu hai tông màu vẫn giữ được nét thể thao.;Sản phẩm này có ít nhất 20% vật liệu tái chế. Bằng cách tái sử dụng các vật liệu đã được tạo ra, chúng tôi giúp giảm thiểu chất thải và sự phụ thuộc của chúng tôi vào các nguồn tài nguyên hữu hạn cũng như giảm dấu chân của các sản phẩm chúng tôi sản xuất.;Vừa vặn;Khóa ren với dây đai mắt;Mặt trên bằng vải dệt hai tông màu;Lớp lót bằng vải;Đế giữa Cloudfoam;Đế ngoài bằng cao su;Chứa ít nhất 20% thành phần tái chế;Nhập khẩu;Màu sản phẩm: Trắng mây / Đen lõi / Xám mức 1;Mã sản phẩm: IE6624"
-4984588711113938355,Giày Adidas Nữ Chính Hãng - ULTRABOOST LIGHT - Màu Xám | JapanSport IE1770,https://giaynhatchinhhang.vn/adidas-ultraboost-light-ie1770,https://bizweb.dktcdn.net/thumb/medium/100/347/092/products/adidas-unisex-ultraboost-light-shoes-ie1770-1.jpg?v=1748320213270,1.980.000₫,5.300.000₫,Adidas,"['36', '37']",https://bizweb.dktcdn.net/100/347/092/products/adidas-unisex-ultraboost-light-shoes-ie1770-1.jpg?v=1748320213270;https://bizweb.dktcdn.net/100/347/092/products/adidas-unisex-ultraboost-light-shoes-ie1770-2-24ab2287-8eee-4cab-a26d-ed11c905aae2.jpg?v=1748320214060;https://bizweb.dktcdn.net/100/347/092/products/adidas-unisex-ultraboost-light-shoes-ie1770-3.jpg?v=1748320214773;https://bizweb.dktcdn.net/100/347/092/products/adidas-unisex-ultraboost-light-shoes-ie1770-4.jpg?v=1748320215487;https://bizweb.dktcdn.net/100/347/092/products/adidas-unisex-ultraboost-light-shoes-ie1770-5.jpg?v=1748320215987,"Giày chạy bộ nhẹ được thiết kế để mang lại năng lượng tối ưu.;Cảm nhận cảm giác sải bước với lò xo trong bước đi của bạn. Đôi giày chạy bộ adidas dành cho thiếu niên này thực sự mang lại động lực cho bạn khi chạy nhờ đế giữa Light BOOST, một thế hệ mới của adidas BOOST với khả năng hồi phục năng lượng nhiều hơn. Cảm giác nhẹ nhàng giúp bạn tiếp tục bước đi. mạnh mẽ khi chạy ở mọi khoảng cách và tốc độ.;THÔNG TIN SẢN PHẨM;Vừa vặn thông thường;Đóng ren;Thân giày bằng vải adidas PRIMEKNIT+;Lớp lót dệt;Hệ thống đẩy năng lượng tuyến tính;TĂNG CƯỜNG ÁNH SÁNG;Đế ngoài Continental™ Better Rubber;Sợi ở phần trên chứa ít nhất 50% Parley Ocean Plastic và 50% polyester tái chế;Màu sản phẩm: Xám bốn / Trắng mây / Xám năm"
412670837825682147,Giày Adidas Nam Chính hãng -  Alphaboost V2 - Màu Đen | JapanSport IE9157,https://giaynhatchinhhang.vn/adidas-alphaboost-v2-ie9157,https://bizweb.dktcdn.net/thumb/medium/100/347/092/products/8a6df9c4-d183-456c-a925-56b765765b5a.jpg?v=1745287030847,1.880.000₫,,Adidas,"['41', '42']",https://bizweb.dktcdn.net/100/347/092/products/8a6df9c4-d183-456c-a925-56b765765b5a.jpg?v=1745287030847;https://bizweb.dktcdn.net/100/347/092/products/fcae44d3-2449-4a23-adc3-519af70335d5.jpg?v=1745287036727;https://bizweb.dktcdn.net/100/347/092/products/114bacc4-ba0d-436c-aee7-d0adfdd61060.jpg?v=1745287038360;https://bizweb.dktcdn.net/100/347/092/products/ca8e7de4-c533-4550-830f-207930eed9d3.jpg?v=1745287040943;https://bizweb.dktcdn.net/100/347/092/products/2c0f613a-e9f0-4323-81bd-553d8613e7df.jpg?v=1745287040943;https://bizweb.dktcdn.net/100/347/092/products/e97e0010-fa80-4991-9487-89108152e67c.jpg?v=1745287040943;https://bizweb.dktcdn.net/100/347/092/products/c8f1c349-aac5-4218-bd1e-db72679f1922.jpg?v=1745287040943;https://bizweb.dktcdn.net/100/347/092/products/1a01a58e-6c9f-41c6-863a-b8da08b531f5.jpg?v=1745287040943,"Giày thể thao đa năng được làm một phần từ vật liệu tái chế.;Thiết kế thanh lịch khiến đôi giày adidas này trở thành lựa chọn hàng đầu của bạn dù bạn đang chạy trên vỉa hè hay xuống phố. Đế giữa adidas BOOST trả lại năng lượng cho mỗi sải chân trong khi đệm ADIPRENE+ hấp thụ sốc. Thân giày bằng lưới nhẹ giúp giữ cho đôi chân của bạn luôn mát mẻ. Sản phẩm này có ít nhất 20% vật liệu tái chế. Bằng cách tái sử dụng các vật liệu đã được tạo ra, chúng tôi giúp giảm thiểu chất thải và sự phụ thuộc của chúng tôi vào các nguồn tài nguyên hữu hạn cũng như giảm dấu chân của các sản phẩm chúng tôi sản xuất.;Chi tiết;Vừa vặn thông thường;Đóng ren;Lưới phía trên;Đệm Adiprene+;Đế giữa BOOST;Đệm Lightstrike;Đế ngoài Adiwear;Chứa ít nhất 20% nội dung tái chế;Màu sắc: Trắng mây / Xám nhạt / Đen lõi;Mã sản phẩm: IE9157"
-8675618709075822326,Dép Adidas Chính hãng - Adilette Shower - Màu Đen | JapanSport GZ3772,https://giaynhatchinhhang.vn/adidas-adilette-shower-gz3772,https://bizweb.dktcdn.net/thumb/medium/100/347/092/products/a068a1a8-ed4e-4ba2-b69b-be6d8986da29.jpg?v=1744518459960,530.000₫,900.000₫,adidas,"['37', '39', '40.5', '42', '43', '44.5', '46']",https://bizweb.dktcdn.net/100/347/092/products/a068a1a8-ed4e-4ba2-b69b-be6d8986da29.jpg?v=1744518459960;https://bizweb.dktcdn.net/100/347/092/products/c57dfcd4-87dc-4eea-a580-759e6401f63d.jpg?v=1744518460587;https://bizweb.dktcdn.net/100/347/092/products/e89e7a6b-29ca-41bd-bb79-9c01b4e4fdf5.jpg?v=1744518480870;https://bizweb.dktcdn.net/100/347/092/products/76997b4d-97c0-48fd-8f69-7d93c3ad7b38.jpg?v=1744518484150;https://bizweb.dktcdn.net/100/347/092/products/1ab62016-12ff-4cf7-aeea-ef274f0035aa.jpg?v=1744518484150;https://bizweb.dktcdn.net/100/347/092/products/9ddb8735-7c89-40ad-8778-095c2f65fac8.jpg?v=1744518484150;https://bizweb.dktcdn.net/100/347/092/products/62f28c4b-9bc7-4d37-bc68-dbb18f1afda1.jpg?v=1744518484150;https://bizweb.dktcdn.net/100/347/092/products/c110661b-3658-40f1-8e21-2cd323ba55b0.jpg?v=1744518484150;https://bizweb.dktcdn.net/100/347/092/products/667e292a-add5-48ba-aef2-e481dad0b710.jpg?v=1744518484150,"Đôi dép đi bơi đa năng thoải mái.;Từ hồ bơi đến phòng tắm cho tới sofa, đôi dép này phù hợp cho nhịp sống làm hết sức và nghỉ ngơi hết mình. Thiết kế slip-on ôm vừa khít giúp bạn dễ dàng tháo và xỏ dép khi cần. Lớp đệm siêu nhẹ cho đôi chân thoải mái suốt cả ngày. Logo adidas và thiết kế 3 Sọc hoàn thiện phong cách adilette đặc trưng.;Thông tin chi tiết;Dáng regular fit;Kiểu dáng slip-on;Thân dép bằng chất liệu tổng hợp;Lớp lót bằng vải dệt;Lòng dép ôm chân;Đế giữa Cloudfoam;Đế ngoài bằng chất liệu tổng hợp;Màu sản phẩm: Đen lõi;Mã sản phẩm: GZ3772"
1107837996645606510,Giày Adidas Nữ Chính Hãng - Ultraboost 1.0 - Màu Hồng | JapanSport ID9680,https://giaynhatchinhhang.vn/adidas-ultraboost-1-0-id9680,https://bizweb.dktcdn.net/thumb/medium/100/347/092/products/c7a2e39c-2062-46e1-9259-0b3b6c4ff700.jpg?v=1744255254950,1.580.000₫,,Adidas,"['39', '40']",https://bizweb.dktcdn.net/100/347/092/products/c7a2e39c-2062-46e1-9259-0b3b6c4ff700.jpg?v=1744255254950;https://bizweb.dktcdn.net/100/347/092/products/21462053-a7f5-471f-af3e-3f1d6edcdfe3.jpg?v=1744255254950;https://bizweb.dktcdn.net/100/347/092/products/b7c34bc2-bfa2-49ba-b953-52e08784629c.jpg?v=1744255254950;https://bizweb.dktcdn.net/100/347/092/products/bb95c3ee-b996-4130-bd84-f38787d5dddc.jpg?v=1744255254950;https://bizweb.dktcdn.net/100/347/092/products/bd229568-b946-408d-8c6f-1d22cd441fcc.jpg?v=1744255254950;https://bizweb.dktcdn.net/100/347/092/products/bdd34bdb-9751-4133-bdee-192a43670ea6.jpg?v=1744255254950;https://bizweb.dktcdn.net/100/347/092/products/de4d58ed-0eb9-44d7-8543-1a69fd29be07.jpg?v=1744255245397;https://bizweb.dktcdn.net/100/347/092/products/e048115f-cfed-4d18-a0e6-d519569fe555.jpg?v=1744255246017;https://bizweb.dktcdn.net/100/347/092/products/3c04781f-9502-40e5-86e6-71412417f220.jpg?v=1744255246667,"Giày Ultraboost cho sự thoải mái hàng ngày.Chào mừng chuyến đi năng lượng cao mới của bạn. Từ việc đi làm hàng ngày đến những cuộc phiêu lưu cuối tuần, giày adidas Ultraboost 1.0 tăng cường sức mạnh cho các bước chân của bạn với đệm BOOST tràn đầy năng lượng vô tận. Thân giày adidas PRIMEKNIT bao quanh bàn chân của bạn để tăng cường chuyển động, trong khi Hệ thống Torsion cung cấp sự ổn định giữa bàn chân với mỗi sải chân.;THÔNG TIN SẢN PHẨM;Vừa vặn;Khóa ren;Phần trên bằng vải dệt PRIMEKNIT của adidas;Đế giữa BOOST;Hệ thống Torsion;Đế ngoài bằng cao su;Màu sắc: Wonder Orchid / Bliss Lilac / Acid Orange;Mã sản phẩm: ID9680"
-5710602821220311579,Giày Adidas Nam Chính Hãng - Ultraboost 5 - Màu Trắng | JapanSport ID8813,https://giaynhatchinhhang.vn/adidas-ultraboost-5-id8813,https://bizweb.dktcdn.net/thumb/medium/100/347/092/products/d955bd4e-445c-4600-8bf6-39de7665a1b7.jpg?v=1744254580697,2.650.000₫,,Adidas,"['39', '40.5', '41']",https://bizweb.dktcdn.net/100/347/092/products/d955bd4e-445c-4600-8bf6-39de7665a1b7.jpg?v=1744254580697;https://bizweb.dktcdn.net/100/347/092/products/ed847621-5ebe-4ef2-8b92-e61eada385af.jpg?v=1744254585090;https://bizweb.dktcdn.net/100/347/092/products/e67b66e6-43ed-46b4-96d3-a573c4307e35.jpg?v=1744254586777;https://bizweb.dktcdn.net/100/347/092/products/3b2a7627-3143-4307-8195-8519dd77f01b.jpg?v=1744254586777;https://bizweb.dktcdn.net/100/347/092/products/3b9a83eb-bf98-419c-9337-9417fd03cb2f.jpg?v=1744254602873;https://bizweb.dktcdn.net/100/347/092/products/00e58a57-e61f-4f04-a07d-724b685ac4bc.jpg?v=1744254602873;https://bizweb.dktcdn.net/100/347/092/products/aa68fb67-368a-4d56-8c55-9da26455f0c6.jpg?v=1744254598797;https://bizweb.dktcdn.net/100/347/092/products/7ab1da8c-bb5c-47f7-8204-6c1d1f1c3bff.jpg?v=1744254598797;https://bizweb.dktcdn.net/100/347/092/products/8c4e3f2e-f598-4737-a522-75b201c45462.jpg?v=1744254598797,"Giày chạy bộ BOOST được làm một phần từ vật liệu tái chế.;Được cải tiến để có nhiều đệm hơn, thoải mái hơn và nhẹ hơn cho một lần chạy không giống bất kỳ đôi giày nào khác, Ultraboost 5 ở đây để khai thác năng lượng chạy của bạn. Đế giữa của đôi giày này được làm bằng Light BOOST V2, hệ thống đệm hoàn trả năng lượng cao nhất của chúng tôi. Ultraboost 5 cũng có phần hỗ trợ gót chân bên ngoài được đúc khuôn để cung cấp khả năng hỗ trợ tối ưu khi cần thiết. Phần trên PRIMEKNIT tạo nên sự vừa vặn tối ưu trong khi Hệ thống Torsion của chúng tôi cung cấp hướng dẫn ở cấp độ tiếp theo trong suốt quá trình đi lại của bạn. Và cuối cùng, độ bám đẳng cấp thế giới của đế ngoài Continental™ mang lại lực kéo và chuyển tiếp hoàn hảo. Sản phẩm này có ít nhất 20% vật liệu tái chế. Bằng cách tái sử dụng các vật liệu đã được tạo ra, chúng tôi giúp giảm chất thải và sự phụ thuộc của chúng tôi vào các nguồn tài nguyên hữu hạn và giảm dấu chân của các sản phẩm chúng tôi sản xuất.;Chi tiết;Vừa vặn thông thường;Đóng ren;Phần trên bằng vải;Lớp lót dệt;Hệ thống xoắn;Ánh sáng BOOST V2;Trọng lượng: 292 g (kích thước UK 8.5);Độ cao của đế giữa: 10 mm (gót chân 39 mm / bàn chân trước 29 mm);Đế ngoài cao su Continental™;Chứa ít nhất 20% nội dung tái chế;Màu sắc: Trắng mây / Trắng mây / Trắng pha lê;Mã sản phẩm: ID8813"
5557727232189878249,Giày Adidas Nam Nữ Chính Hãng - ULTRABOOST 1.0 ADICOLOR - Màu đen | JapanSport - ID0153,https://giaynhatchinhhang.vn/didas-ultraboost-1-0-adicolor-id0153-38,https://bizweb.dktcdn.net/thumb/medium/100/347/092/products/giay-adidas-ultraboost-1-0-adicolor-id0153-05-1740498233703.jpg?v=1744191242727,1.950.000₫,4.500.000₫,Adidas,"['36', '36.5', '37', '38']",https://bizweb.dktcdn.net/100/347/092/products/giay-adidas-ultraboost-1-0-adicolor-id0153-05-1740498233703.jpg?v=1744191242727;https://bizweb.dktcdn.net/100/347/092/products/giay-adidas-ultraboost-1-0-adicolor-id0153-01-1740498228916.jpg?v=1744191242727;https://bizweb.dktcdn.net/100/347/092/products/giay-adidas-ultraboost-1-0-adicolor-id0153-02-1740498230219.jpg?v=1744191242727;https://bizweb.dktcdn.net/100/347/092/products/giay-adidas-ultraboost-1-0-adicolor-id0153-03-1740498231018.jpg?v=1744191242727;https://bizweb.dktcdn.net/100/347/092/products/giay-adidas-ultraboost-1-0-adicolor-id0153-04-1740498232079.jpg?v=1744191242727;https://bizweb.dktcdn.net/100/347/092/products/giay-adidas-ultraboost-1-0-adicolor-id0153-07-1740498235138.jpg?v=1744191233073;https://bizweb.dktcdn.net/100/347/092/products/giay-adidas-ultraboost-1-0-adicolor-id0153-08-1740498235879.jpg?v=1744191233743;https://bizweb.dktcdn.net/100/347/092/products/giay-adidas-ultraboost-1-0-adicolor-id0153-09-1740498236855.jpg?v=1744191234227;https://bizweb.dktcdn.net/100/347/092/products/giay-adidas-ultraboost-1-0-adicolor-id0153-010-1740498237851.jpg?v=1744191235057,"Đôi giày sneaker hoàn trả năng lượng có sử dụng sợi Parley Ocean Plastic.;Khi đi dạo trong công viên cũng như chạy bộ cuối tuần cùng bạn bè, đôi giày adidas Ultraboost 1.0 này sẽ giúp bạn luôn thoải mái. Thân giày adidas PRIMEKNIT ôm chân nhẹ nhàng, cùng đệm BOOST ở đế giữa nâng niu từ bước chân đầu tiên cho tới tận cây số cuối cùng. Đế ngoài Stretchweb linh hoạt tự nhiên cho sải bước tràn đầy năng lượng, cùng chất liệu cao su Continental™ Rubber tạo độ bám cần thiết để bạn luôn vững bước. Thân giày làm từ loại sợi hiệu năng cao có chứa tối thiểu 50% chất liệu Parley Ocean Plastic — rác thải nhựa tái chế thu gom từ các vùng đảo xa, bãi biển, khu dân cư ven biển và đường bờ biển, nhằm ngăn chặn ô nhiễm đại dương. 50% thành phần còn lại của sợi là polyester tái chế.;THÔNG TIN SẢN PHẨM"
-9220355099662513551,Giày Adidas Nam Chính Hãng - Ultraboost 1.0 - Màu Trắng | JapanSport JH6584,https://giaynhatchinhhang.vn/adidas-ultraboost-1-0-jh6584,https://bizweb.dktcdn.net/thumb/medium/100/347/092/products/00cb03a3-5209-42ab-9e05-d31294a82dc7.jpg?v=1743914088047,2.650.000₫,5.300.000₫,Adidas,"['41', '42']",https://bizweb.dktcdn.net/100/347/092/products/00cb03a3-5209-42ab-9e05-d31294a82dc7.jpg?v=1743914088047;https://bizweb.dktcdn.net/100/347/092/products/30b3bc2c-1a0a-41aa-acad-72a15b3e9fb9.jpg?v=1743914091320;https://bizweb.dktcdn.net/100/347/092/products/a6565ada-9808-42c7-9f67-08471a839b65.jpg?v=1743914091320;https://bizweb.dktcdn.net/100/347/092/products/a2150525-c2e4-4057-ba3f-7a39b6aee961.jpg?v=1743914091320;https://bizweb.dktcdn.net/100/347/092/products/a7230555-6eab-4a52-a06b-a7fd43944f51.jpg?v=1743914091320;https://bizweb.dktcdn.net/100/347/092/products/deabd8bf-6385-452c-8a0f-5e851151e68f.jpg?v=1743914091320;https://bizweb.dktcdn.net/100/347/092/products/fe6970c4-ef26-4cb8-96e0-d8b54354184d.jpg?v=1743914091320;https://bizweb.dktcdn.net/100/347/092/products/573e36ea-8aa6-4846-8228-188bf0da3345.jpg?v=1743914078463;https://bizweb.dktcdn.net/100/347/092/products/246225cc-cab9-40f9-bb50-6197cce3d590.jpg?v=1743914079500,"Giày thể thao phục hồi năng lượng được thiết kế vừa vặn, hỗ trợ tốt.;Từ đi bộ trong công viên đến chạy bộ cuối tuần với bạn bè, đôi giày adidas Ultraboost 1.0 này được thiết kế để giúp bạn luôn thoải mái. Phần trên adidas PRIMEKNIT ôm nhẹ bàn chân của bạn trong khi đế giữa BOOST đệm từ bước đầu tiên đến dặm cuối cùng. Đế ngoài Stretchweb uốn cong tự nhiên cho một chuyến đi tràn đầy năng lượng và Cao su Continental™ cung cấp cho bạn lực kéo bạn cần để giữ sự năng động trong từng bước chân.;Chi tiết;Đóng renThân giày bằng vải adidas PRIMEKNITĐế giày đúc FitcounterĐế giữa BOOSTĐế ngoài Stretchweb với cao su Continental™Màu sắc: Trắng mây / Màu nhà cung cấp / Đen lõiMã sản phẩm: JH6584"
1356350857802009062,Giày Adidas nữ Chính Hãng - Ultraboost 1.0 - Màu Đen | JapanSport ID9637,https://giaynhatchinhhang.vn/adidas-ultraboost-1-0-id9637,https://bizweb.dktcdn.net/thumb/medium/100/347/092/products/f043c4fe-ffe1-4a19-b129-ad98857473df.jpg?v=1743570718377,2.380.000₫,5.500.000₫,Adidas,"['39', '40']",https://bizweb.dktcdn.net/100/347/092/products/f043c4fe-ffe1-4a19-b129-ad98857473df.jpg?v=1743570718377;https://bizweb.dktcdn.net/100/347/092/products/d8a87211-75bb-48c3-a405-5b2a780a908a.jpg?v=1743570718377;https://bizweb.dktcdn.net/100/347/092/products/ed5c907b-c291-48a0-94db-28be3975944b.jpg?v=1743570718377;https://bizweb.dktcdn.net/100/347/092/products/f2dc9177-bb82-48d1-b814-ecc50c7fa0bb.jpg?v=1743570718377;https://bizweb.dktcdn.net/100/347/092/products/3af19f23-a220-485d-aea6-2759c08bbe0d.jpg?v=1743570709163;https://bizweb.dktcdn.net/100/347/092/products/7e9929ba-6ed9-43b4-b544-84610378688a.jpg?v=1743570709670;https://bizweb.dktcdn.net/100/347/092/products/20c1904f-67d5-4885-9ac7-eed393c1514f.jpg?v=1743570710500;https://bizweb.dktcdn.net/100/347/092/products/7050cf40-00ba-4d0e-a2d6-9b3ddffd337c.jpg?v=1743570710963;https://bizweb.dktcdn.net/100/347/092/products/9660ee2c-d82d-46d6-a5a4-a4b1b0c7f2e1.jpg?v=1743570711453;https://bizweb.dktcdn.net/100/347/092/products/81037bb2-744a-4d10-8b41-0a1b81c24cb4.jpg?v=1743570712213,"Giày Adidas Nam Chính Hãng - Ultraboost 1.0 - Màu Đen | ID9637;THÔNG TIN SẢN PHẨM;Giày thể thao siêu thoải mái được làm một phần bằng vật liệu tái chế.Kiểu dáng mạnh mẽ. Mức độ thoải mái vô song. Những đôi giày Ultraboost này đáp ứng mọi nhu cầu. Thân giày adidas PRIMEKNIT mang đến sự vừa vặn, mềm mại và cấu trúc buộc dây cho phép bạn điều chỉnh. Hệ thống Torsion cung cấp sự ổn định qua vòm chân trong khi đệm adidas BOOST trả lại năng lượng cho mọi chuyển động của bạn.;Được làm bằng một loạt vật liệu tái chế, thân giày này có ít nhất 50% thành phần tái chế. Sản phẩm này chỉ là một trong những giải pháp của chúng tôi giúp chấm dứt rác thải nhựa.;Regular fit;Lace closure;adidas PRIMEKNIT textile upper;BOOST midsole;Torsion System;Rubber outsole;Upper contains a minimum of 50% recycled content;Product colour: Core Black / Core Black / Lucid Lemon;Product code: ID9637"
2375872830384494721,Giày Adidas Nam Chính Hãng - Ultraboost 1.0 - Màu Đen | JapanSport JH6583,https://giaynhatchinhhang.vn/adidas-ultraboost-1-0-jh6583,https://bizweb.dktcdn.net/thumb/medium/100/347/092/products/17218920023365770.jpg?v=1743214705700,2.750.000₫,4.500.000₫,Adidas,"['40', '40.5', '41', '42']",https://bizweb.dktcdn.net/100/347/092/products/17218920023365770.jpg?v=1743214705700;https://bizweb.dktcdn.net/100/347/092/products/17218920021788279.jpg?v=1743214708180;https://bizweb.dktcdn.net/100/347/092/products/1721892002407560.jpg?v=1743214708180;https://bizweb.dktcdn.net/100/347/092/products/1721892002808762.jpg?v=1743214709093;https://bizweb.dktcdn.net/100/347/092/products/1721892002487534.jpg?v=1743214713917;https://bizweb.dktcdn.net/100/347/092/products/17218920032686924.jpg?v=1743214713917;https://bizweb.dktcdn.net/100/347/092/products/17218920020477451.jpg?v=1743214713917,"Giày thể thao phục hồi năng lượng được thiết kế vừa vặn, hỗ trợ tốt.;Từ đi bộ trong công viên đến chạy bộ cuối tuần với bạn bè, đôi giày adidas Ultraboost 1.0 này được thiết kế để giúp bạn luôn thoải mái. Phần trên adidas PRIMEKNIT ôm nhẹ bàn chân của bạn trong khi đế giữa BOOST đệm từ bước đầu tiên đến dặm cuối cùng. Đế ngoài Stretchweb uốn cong tự nhiên cho một chuyến đi tràn đầy năng lượng và Cao su Continental™ cung cấp cho bạn lực kéo bạn cần để giữ sự năng động trong từng bước chân.;Chi tiết;Đóng ren;Thân giày bằng vải adidas PRIMEKNIT;Đế giày đúc Fitcounter;Đế giữa BOOST;Đế ngoài Stretchweb với cao su Continental™;Màu sắc: Đen lõi / Màu nhà cung cấp / Xám năm;Mã sản phẩm: JH6583"
-2100367981738664537,Giày Adidas Chính Hãng - Galaxy 6 - Màu Xanh | JapanSport - IE8130,https://giaynhatchinhhang.vn/adidas-galaxy-6-ie8130,https://bizweb.dktcdn.net/thumb/medium/100/347/092/products/766a31a1-e9a5-44b3-9981-48fe39f750bb.jpg?v=1742966022987,980.000₫,1.800.000₫,Adidas,"['39', '42', '43']",https://bizweb.dktcdn.net/100/347/092/products/766a31a1-e9a5-44b3-9981-48fe39f750bb.jpg?v=1742966022987;https://bizweb.dktcdn.net/100/347/092/products/08809a9a-a814-4333-bcf3-79f1c8a69b95.jpg?v=1742966024350;https://bizweb.dktcdn.net/100/347/092/products/b31a4f66-44c2-485e-9eff-e35b3d3bf790.jpg?v=1742966025020;https://bizweb.dktcdn.net/100/347/092/products/bddde2db-3890-4be2-a85f-b72700b577b2.jpg?v=1742966025020;https://bizweb.dktcdn.net/100/347/092/products/cedd9481-c491-48b0-9ac5-1ece7e11972e.jpg?v=1742966025020;https://bizweb.dktcdn.net/100/347/092/products/9060102c-ca50-491f-a852-08bed7658974.jpg?v=1742966025020;https://bizweb.dktcdn.net/100/347/092/products/353bb07f-4122-4965-91b2-f5e32277c5eb.jpg?v=1742966024350;https://bizweb.dktcdn.net/100/347/092/products/d3e111e9-734d-4af9-87aa-64bc99635e40.jpg?v=1742966017323;https://bizweb.dktcdn.net/100/347/092/products/980bba88-1e2a-44f9-9589-8e7f3a0fec59.jpg?v=1742966019417,"Một đôi giày thể thao, thoải mái được làm một phần từ vật liệu tái chế.Buộc dây giày và đi. Đôi giày chạy bộ adidas này sẽ giúp bạn thoải mái, bất kể bạn chạy muộn đến đâu. Một đôi giày tuyệt vời để đi hàng ngày, chúng có phần trên bằng lưới nhẹ và thoáng khí giúp giữ cho đôi chân của bạn mát mẻ và đế giữa Cloudfoam tạo độ đàn hồi. Đế ngoài bằng cao su được thiết kế để giữ chắc trên mọi bề mặt, từ cỏ ướt đến đất sét chậm. Thay đổi kế hoạch của bạn mà không cần thay giày.;Được làm từ một loạt vật liệu tái chế, phần trên này có ít nhất 50% thành phần tái chế. Sản phẩm này chỉ là một trong những giải pháp của chúng tôi giúp chấm dứt rác thải nhựa.;THÔNG TIN SẢN PHẨM;Kiểu dáng vừa vặn;Khóa ren;Mặt trên bằng vải;Lót giày OrthoLite®;Đế giữa Cloudfoam;Lớp lót bằng vải;Trọng lượng: 320 gram (cỡ Anh 8.5);Độ dốc đế giữa: 10 mm (gót: 29 mm / bàn chân trước: 19 mm);Đế ngoài bằng cao su;Mặt trên chứa tối thiểu 50% thành phần tái chế;Màu sản phẩm: Xanh đậm / Xanh lá Spark / Đen Aurora;Mã sản phẩm: IE8130"
-597110339532606369,Giày Adidas Chính Hãng - Galaxy 7 - Màu Xanh | JapanSport - JI4601,https://giaynhatchinhhang.vn/adidas-galaxy-7-ji4601,https://bizweb.dktcdn.net/thumb/medium/100/347/092/products/5fc89ea1-647a-414d-8cb1-1d4ec57567c9.jpg?v=1742720241993,1.150.000₫,2.800.000₫,Adidas,"['39', '40', '40.5', '41', '42', '42.5', '43', '44', '44.5']",https://bizweb.dktcdn.net/100/347/092/products/5fc89ea1-647a-414d-8cb1-1d4ec57567c9.jpg?v=1742720241993;https://bizweb.dktcdn.net/100/347/092/products/15b3f25e-19d3-4f61-8bba-ffd5af4ccaf6.jpg?v=1742720243423;https://bizweb.dktcdn.net/100/347/092/products/55cc9909-15d8-4e9e-8bb5-9c08956ffb7a.jpg?v=1742720245113;https://bizweb.dktcdn.net/100/347/092/products/d436eb84-c55c-4ac0-96e8-021b8f838279.jpg?v=1742720246590;https://bizweb.dktcdn.net/100/347/092/products/bd42c6ac-0a8f-4fc2-af4a-3d7f4c5c026e.jpg?v=1742720247423,Đôi giày chạy bộ nâng đỡ cho cảm giác êm ái.;Mỗi buổi chạy đều là một hành trình khám phá. Hãy mang đôi giày chạy bộ adidas này vào và khai phá tiềm năng của bạn. Đế giữa Cloudfoam nâng niu từng sải bước giúp bạn luôn thoải mái trong quá trình rèn luyện sức bền. Thân giày bằng vải dệt bền bỉ cho cảm giác nâng đỡ từ buổi chạy đầu tiên cho tới 5K đầu tiên.;THÔNG TIN SẢN PHẨM;Dáng regular fit;Có dây giày;Thân giày bằng vải dệt;Lớp lót bằng vải dệt;Đế giữa Cloudfoam;Đế ngoài bằng chất liệu TPU;Trọng lượng: 319 g (size UK 8.5);Chênh lệch độ cao đế giữa: 6 mm (gót giày 35 mm / mũi giày 29 mm);Có chứa tối thiểu 20% thành phần tái chế;Màu sản phẩm: Xanh đậm / Bạc Halo / Xanh lam Lucid;Mã sản phẩm: JI4601
-1472746085677287757,Giày Adidas Nam Chính Hãng - VULCRAID3R SLIP ON - Đen | JapanSport FZ6459,https://giaynhatchinhhang.vn/adidas-vulcraid3r-slip-on-fz6459,https://bizweb.dktcdn.net/thumb/medium/100/347/092/products/adidas-vulcraid3r-slip-on-fz6459.jpg?v=1742557091000,830.000₫,1.650.000₫,Adidas,"['36', '36.5', '38']",https://bizweb.dktcdn.net/100/347/092/products/adidas-vulcraid3r-slip-on-fz6459.jpg?v=1742557091000;https://bizweb.dktcdn.net/100/347/092/products/411nbsnpt7l-ac-sy625.jpg?v=1742557091000;https://bizweb.dktcdn.net/100/347/092/products/416fjdrvoxl-ac-sy625.jpg?v=1742557091000;https://bizweb.dktcdn.net/100/347/092/products/51fkgbpbsml-ac-sy625.jpg?v=1742557091000;https://bizweb.dktcdn.net/100/347/092/products/51yz8q0aztl-ac-sy625.jpg?v=1742557091000,Giày Adidas Nam Chính Hãng - VULCRAID3R SLIP ON - Đen | JapanSport FZ6459;THÔNG TIN SẢN PHẨM;Loại vải: 100% Dệt;Chất liệu đế: Cao su;Chất liệu bên ngoài: Cao su;Kiểu đóng: Kéo vào
8678985773857672405,Giày Adidas Nam Chính Hãng - Galaxy 7 Running - Màu Đen | JapanSport ID8757,https://giaynhatchinhhang.vn/adidas-galaxy-7-running-id8757,https://bizweb.dktcdn.net/thumb/medium/100/347/092/products/galaxy-7-running-shoes-black-1.jpg?v=1742278358683,1.050.000₫,1.800.000₫,Adidas Japan,"['40', '40.5', '41', '42', '42.5', '43', '44']",https://bizweb.dktcdn.net/100/347/092/products/galaxy-7-running-shoes-black-1.jpg?v=1742278358683;https://bizweb.dktcdn.net/100/347/092/products/galaxy-7-running-shoes-black-2.jpg?v=1742278359683;https://bizweb.dktcdn.net/100/347/092/products/galaxy-7-running-shoes-black-3.jpg?v=1742278360463;https://bizweb.dktcdn.net/100/347/092/products/galaxy-7-running-shoes-black-4.jpg?v=1742278361460;https://bizweb.dktcdn.net/100/347/092/products/galaxy-7-running-shoes-black-5.jpg?v=1742278362247;https://bizweb.dktcdn.net/100/347/092/products/galaxy-7-running-shoes-black-6.jpg?v=1742278362863;https://bizweb.dktcdn.net/100/347/092/products/galaxy-7-running-shoes-black-7.jpg?v=1742278363867;https://bizweb.dktcdn.net/100/347/092/products/galaxy-7-running-shoes-black-8.jpg?v=1742278364550;https://bizweb.dktcdn.net/100/347/092/products/galaxy-7-running-shoes-black-9.jpg?v=1742278365557;https://bizweb.dktcdn.net/100/347/092/products/galaxy-7-running-shoes-black-10.jpg?v=1742278366387,Giày chạy bộ hỗ trợ với cảm giác đệm.;Mỗi lần chạy là một hành trình khám phá. Hãy xỏ chân vào đôi giày chạy bộ adidas này và khám phá tiềm năng của bạn. Đế giữa Cloudfoam đệm bước chạy của bạn để giữ cho bạn thoải mái khi bạn tăng sức bền. Thân giày bằng vải bền mang lại cảm giác hỗ trợ từ những vòng chạy đầu tiên đến 5K đầu tiên của bạn.;Chi tiết;Vừa vặn thông thường;Đóng ren;Phần trên bằng vải;Lớp lót dệt;Đế giữa Cloudfoam;Đế ngoài TPU;Trọng lượng: 319 g (kích thước UK 8.5);Độ cao đế giữa: 6 mm (gót chân 35 mm / bàn chân trước 29 mm);Màu sản phẩm: Đen lõi;Mã sản phẩm: ID8757
7364591273452625899,Giày Adidas Nam Chính Hãng -  Ultimashow - Đen | JapanSport FX3624,https://giaynhatchinhhang.vn/adidas-ultimashow-japansport-fx3624,https://bizweb.dktcdn.net/thumb/medium/100/347/092/products/564cb2df-afa1-4b15-a544-05d208044c00.jpg?v=1741928534517,1.000.000₫,1.800.000₫,Adidas Japan,"['40', '40.5', '41', '42', '42.5', '43', '44', '44.5']",https://bizweb.dktcdn.net/100/347/092/products/564cb2df-afa1-4b15-a544-05d208044c00.jpg?v=1741928534517;https://bizweb.dktcdn.net/100/347/092/products/a4cf8ab9-c762-4285-92ef-c42c0fe8c428.jpg?v=1741928536490;https://bizweb.dktcdn.net/100/347/092/products/4c5d5f3a-ed30-4854-9e18-e7046fe5bf13.jpg?v=1741928542223;https://bizweb.dktcdn.net/100/347/092/products/d7c9afb2-22ad-4649-99c7-42b5bb02d7a6.jpg?v=1741928542223;https://bizweb.dktcdn.net/100/347/092/products/7826f3ec-6394-47d7-98aa-6691403da126.jpg?v=1741928542223;https://bizweb.dktcdn.net/100/347/092/products/362b45aa-313e-42b9-bac4-7ecd039e717a.jpg?v=1741928549497;https://bizweb.dktcdn.net/100/347/092/products/4a3da179-4028-4e88-b444-df75b0f83732.jpg?v=1741928549497;https://bizweb.dktcdn.net/100/347/092/products/a2e15cb7-d3ba-43ea-8490-97a81012d2c8.jpg?v=1741928547190;https://bizweb.dktcdn.net/100/347/092/products/4fdf8731-fbda-415c-8af9-124ca46faacd.jpg?v=1741928547190,"Đôi giày chạy bộ cho tốc độ và sự ổn định.;Loại bỏ mọi tạp âm. Khi gắng sức, bạn chỉ có thể tập trung vào chuyển động và hơi thở của mình. Bạn đang nỗ lực. Mọi thứ còn lại đều không còn quan trọng. Dù nhanh. Hay chậm. Miễn là bạn chuyển động. Và hãy chuyển động với đôi giày chạy bộ adidas này. Giày có thiết kế siêu nhẹ, êm ái và sẵn sàng đồng hành cùng bạn.;Chi tiết;Dáng regular fit;Có dây giày;Thân giày bằng vải dệt;Cảm giác vững chãi;Giày chạy bộ;Lớp lót bằng vải dệt và đế giữa bằng chất liệu EVA;Đệm gót bằng TPU tạo độ vừa vặn với đế ngoài bằng cao su;Màu sản phẩm: Đen lõi / Trắng mây;Mã sản phẩm: FX3624"
8509010358000396877,Giày Adidas Nam Chính Hãng - Ultraboost 1.0 - Màu Trắng | JapanSport JH9183,https://giaynhatchinhhang.vn/adidas-ultraboost-1-0-jh9183,https://bizweb.dktcdn.net/thumb/medium/100/347/092/products/giay-adidas-ultraboost-1-0-jh9183-01-1.jpg?v=1740911671017,2.650.000₫,4.500.000₫,Adidas,"['40.5', '41']",https://bizweb.dktcdn.net/100/347/092/products/giay-adidas-ultraboost-1-0-jh9183-01-1.jpg?v=1740911671017;https://bizweb.dktcdn.net/100/347/092/products/giay-adidas-ultraboost-1-0-jh9183-01-2.jpg?v=1740911672710;https://bizweb.dktcdn.net/100/347/092/products/giay-adidas-ultraboost-1-0-jh9183-01-3.jpg?v=1740911673370;https://bizweb.dktcdn.net/100/347/092/products/giay-adidas-ultraboost-1-0-jh9183-01-4.jpg?v=1740911675323;https://bizweb.dktcdn.net/100/347/092/products/giay-adidas-ultraboost-1-0-jh9183-01-5.jpg?v=1740911677003;https://bizweb.dktcdn.net/100/347/092/products/giay-adidas-ultraboost-1-0-jh9183-01-6.jpg?v=1740911677647;https://bizweb.dktcdn.net/100/347/092/products/giay-adidas-ultraboost-1-0-jh9183-01-7.jpg?v=1740911679340;https://bizweb.dktcdn.net/100/347/092/products/giay-adidas-ultraboost-1-0-jh9183-01-8.jpg?v=1740911680833;https://bizweb.dktcdn.net/100/347/092/products/giay-adidas-ultraboost-1-0-jh9183-01-9.jpg?v=1740911682193;https://bizweb.dktcdn.net/100/347/092/products/giay-adidas-ultraboost-1-0-jh9183-01-10.jpg?v=1740911683777,"Khi đi dạo trong công viên cũng như chạy bộ cuối tuần cùng bạn bè, đôi giày adidas Ultraboost 1.0 này sẽ giúp bạn luôn thoải mái. Thân giày adidas PRIMEKNIT ôm chân nhẹ nhàng, đồng thời đệm BOOST ở đế giữa nâng niu từ bước chân đầu tiên cho tới tận cây số cuối cùng. Đế ngoài Stretchweb linh hoạt tự nhiên cho sải bước tràn đầy năng lượng, cùng chất liệu cao su Continental™ Rubber tạo độ bám cần thiết để bạn luôn vững bước.;THÔNG TIN SẢN PHẨM"
2536711270454199076,Giày Adidas Nữ Chính Hãng - GALAXY 7 - Màu trắng hồng | JapanSport ID8762,https://giaynhatchinhhang.vn/adidas-galaxy-7-id8762,https://bizweb.dktcdn.net/thumb/medium/100/347/092/products/giay-chay-bo-galaxy-7-trang-id8762-01.jpg?v=1739646062980,1.050.000₫,1.800.000₫,Adidas,"['36.5', '36', '37', '38', '38.5', '39', '40']",https://bizweb.dktcdn.net/100/347/092/products/giay-chay-bo-galaxy-7-trang-id8762-01.jpg?v=1739646062980;https://bizweb.dktcdn.net/100/347/092/products/giay-chay-bo-galaxy-7-trang-id8762-02.jpg?v=1739646064047;https://bizweb.dktcdn.net/100/347/092/products/giay-chay-bo-galaxy-7-trang-id8762-03.jpg?v=1739646064990;https://bizweb.dktcdn.net/100/347/092/products/giay-chay-bo-galaxy-7-trang-id8762-04.jpg?v=1739646065677;https://bizweb.dktcdn.net/100/347/092/products/giay-chay-bo-galaxy-7-trang-id8762-05.jpg?v=1739646066650;https://bizweb.dktcdn.net/100/347/092/products/giay-chay-bo-galaxy-7-trang-id8762-06.jpg?v=1739646069643;https://bizweb.dktcdn.net/100/347/092/products/giay-chay-bo-galaxy-7-trang-id8762-07.jpg?v=1739646071630;https://bizweb.dktcdn.net/100/347/092/products/giay-chay-bo-galaxy-7-trang-id8762-08.jpg?v=1739646072430;https://bizweb.dktcdn.net/100/347/092/products/giay-chay-bo-galaxy-7-trang-id8762-09.jpg?v=1739646074473,Đôi giày chạy bộ nâng đỡ cho cảm giác êm ái.;Mỗi buổi chạy đều là một hành trình khám phá. Hãy mang đôi giày chạy bộ adidas này vào và khám phá tiềm năng của bạn. Đế giữa Cloudfoam nâng niu từng sải bước giúp bạn luôn thoải mái trong quá trình rèn luyện sức bền. Thân giày bằng vải dệt bền chắc cho cảm giác nâng đỡ từ vòng chạy đầu cho tới 5 km đầu tiên.;THÔNG TIN SẢN PHẨM;Dáng regular fit;Có dây giày;Thân giày bằng vải dệt;Lớp lót bằng vải dệt;Đế giữa Cloudfoam;Đế ngoài bằng chất liệu TPU;Trọng lượng: 278 g (size UK 5.5);Chênh lệch độ cao đế giữa: 6 mm (gót giày 34 mm / mũi giày 28 mm);Màu sản phẩm: Trắng mây / Hồng trong suốt / Đen lõi;Mã sản phẩm: ID8762
8576401095262819992,Giày Adidas Chính hãng - Ultrabounce Run - Màu Trắng | JapanSport HP5778,https://giaynhatchinhhang.vn/adidas-ultrabounce-run-hp5778,https://bizweb.dktcdn.net/thumb/medium/100/347/092/products/giay-ultrabounce-trang-hp5778-01-standard-1.jpg?v=1739645529047,1.350.000₫,2.500.000₫,adidas,"['39', '40', '40.5', '41', '42', '42.5', '43', '44', '44.5']",https://bizweb.dktcdn.net/100/347/092/products/giay-ultrabounce-trang-hp5778-01-standard-1.jpg?v=1739645529047;https://bizweb.dktcdn.net/100/347/092/products/giay-ultrabounce-trang-hp5778-01-standard-2.jpg?v=1739645530263;https://bizweb.dktcdn.net/100/347/092/products/giay-ultrabounce-trang-hp5778-01-standard-3.jpg?v=1739645531417;https://bizweb.dktcdn.net/100/347/092/products/giay-ultrabounce-trang-hp5778-01-standard-4.jpg?v=1739645532490;https://bizweb.dktcdn.net/100/347/092/products/giay-ultrabounce-trang-hp5778-01-standard-5.jpg?v=1739645533703;https://bizweb.dktcdn.net/100/347/092/products/giay-ultrabounce-trang-hp5778-01-standard-6.jpg?v=1739645534500;https://bizweb.dktcdn.net/100/347/092/products/giay-ultrabounce-trang-hp5778-01-standard-7.jpg?v=1739645535360;https://bizweb.dktcdn.net/100/347/092/products/giay-ultrabounce-trang-hp5778-01-standard-8.jpg?v=1739645535877;https://bizweb.dktcdn.net/100/347/092/products/giay-ultrabounce-trang-hp5778-01-standard-9.jpg?v=1739645537097,"Đôi giày chạy bộ êm ái có sử dụng chất liệu tái chế.;Bạn đã sẵn sàng nâng dần cường độ tập luyện? Đôi giày adidas này giúp bạn sải bước tiếp theo trên hành trình chạy bộ. Đệm Bounce siêu nhẹ mang đến cảm giác thoải mái và linh hoạt để trợ lực cho bạn khi tăng cường cự ly trên đường chạy hàng ngày. Đế ngoài bằng cao su bền bỉ đảm bảo độ bám trên nhiều bề mặt đa dạng để bạn tự tin sải bước.;THÔNG TIN SẢN PHẨM;Dáng regular fit;Có dây giày;Thân giày bằng vải dệt;Đế giữa Bounce;Lớp lót bằng vải dệt;Trọng lượng: 664,8 g (size UK 8.5);Độ dày đế giữa: 9 mm (độ cao gót giày: 25 mm / độ cao mũi giày: 16 mm);Đế ngoài bằng cao su;Thân giày có chứa tối thiểu 50% thành phần tái chế;Màu sản phẩm: Trắng phấn / Đen lõi / Trắng mây;Mã sản phẩm: HP5778"
7012721144744813019,Giày Adidas Chính Hãng - ULTRABOOST 21 - Đỏ | JapanSport FY0387,https://giaynhatchinhhang.vn/adidas-ultraboost-21-fy0387,https://bizweb.dktcdn.net/thumb/medium/100/347/092/products/giay-adidas-ultraboost-21-fy0387-01-1.jpg?v=1738911800927,1.650.000₫,4.500.000₫,Adidas,"['36', '37']",https://bizweb.dktcdn.net/100/347/092/products/giay-adidas-ultraboost-21-fy0387-01-1.jpg?v=1738911800927;https://bizweb.dktcdn.net/100/347/092/products/giay-adidas-ultraboost-21-fy0387-01-2.jpg?v=1738911801583;https://bizweb.dktcdn.net/100/347/092/products/giay-adidas-ultraboost-21-fy0387-01-3.jpg?v=1738911802063;https://bizweb.dktcdn.net/100/347/092/products/giay-adidas-ultraboost-21-fy0387-01-4.jpg?v=1738911802523;https://bizweb.dktcdn.net/100/347/092/products/giay-adidas-ultraboost-21-fy0387-01-5.jpg?v=1738911803000;https://bizweb.dktcdn.net/100/347/092/products/giay-adidas-ultraboost-21-fy0387-01-6.jpg?v=1738911803483;https://bizweb.dktcdn.net/100/347/092/products/giay-adidas-ultraboost-21-fy0387-01-7.jpg?v=1738911804223,"ULTRABOOST 21 FY0387;NĂNG LƯỢNG CHỈ LÀ NĂNG LƯỢNG CHO ĐẾN KHI VÀO TAY ULTRABOOST 21.;Hàng loạt bản mẫu. Hàng loạt cải tiến. Hàng loạt thử nghiệm. Đồng hành cùng chúng tôi trên hành trình tìm kiếm sự hòa hợp đỉnh cao giữa trọng lượng, sự êm ái và độ đàn hồi. Ultraboost 21. Đón chào nguồn năng lượng hoàn trả phi thường."
1161036257719186770,Giày Adidas Nam Chính Hãng - Galaxy 6 - Màu Trắng | JapanSport HP2419,https://giaynhatchinhhang.vn/adidas-galaxy-6-hp2419,https://bizweb.dktcdn.net/thumb/medium/100/347/092/products/475084632-1338944847449063-7825013064419744304-n.jpg?v=1737958091680,1.050.000₫,1.800.000₫,Adidas Japan,"['40', '40.5', '41', '42', '42.5', '43']",https://bizweb.dktcdn.net/100/347/092/products/475084632-1338944847449063-7825013064419744304-n.jpg?v=1737958091680;https://bizweb.dktcdn.net/100/347/092/products/472931222-1329486491382341-1741607975986089756-n.jpg?v=1737958091680;https://bizweb.dktcdn.net/100/347/092/products/473007818-4084358025135210-4207358677544160360-n.jpg?v=1737958091680;https://bizweb.dktcdn.net/100/347/092/products/473794954-1697083657508153-1256000128247921370-n.jpg?v=1737958091680;https://bizweb.dktcdn.net/100/347/092/products/474067526-1182033933547744-8777841202858576230-n.jpg?v=1737958091680;https://bizweb.dktcdn.net/100/347/092/products/474351111-1678668443038588-6121324032884432661-n.jpg?v=1737958091680;https://bizweb.dktcdn.net/100/347/092/products/474434046-502102432904916-3079024496158650416-n.jpg?v=1737958091680;https://bizweb.dktcdn.net/100/347/092/products/474763603-1339006754133230-5158339487606376352-n.jpg?v=1737958091680;https://bizweb.dktcdn.net/100/347/092/products/474835297-582752988079548-1676145790477760476-n.jpg?v=1737958091680,"Giày chạy Adidas Nam Chính Hãng - Galaxy 6 - Màu xám HP2419;MỘT GIÀY THỂ THAO, THOẢI MÁI ĐƯỢC LÀM BẰNG CHẤT LIỆU TÁI CHẾ.;Ren lên và đi. Những đôi giày chạy bộ adidas này sẽ giúp bạn thoải mái, dù bạn có chạy vào cuối ngày hay không. Một đôi giày tuyệt vời hàng ngày, chúng có phần trên bằng lưới nhẹ và thoáng mát để giữ cho đôi chân của bạn luôn mát mẻ và đế giữa Cloudfoam để tạo sự thư thái. Đế ngoài bằng cao su được thiết kế để giữ chắc trên mọi bề mặt, từ cỏ ướt đến đất sét chậm. Lên kế hoạch mà không cần thay giày. Được làm bằng một loạt các vật liệu tái chế, phần trên này có ít nhất 50% nội dung tái chế. Sản phẩm này chỉ là một trong những giải pháp của chúng tôi để giúp chấm dứt rác thải nhựa.;THÔNG TIN CHI TIẾT SẢN PHẨM;Đóng ren;Dệt may trên;OrthoLite® sockliner;Đế giữa của Cloudfoam;Dệt may lót;Đế giày cao su;Upper chứa tối thiểu 50% nội dung tái chế"
-2817032678995778549,Giày Adidas Nam Chính Hãng - Galaxy 7 Running - Đen | JapanSport JH7860,https://giaynhatchinhhang.vn/adidas-galaxy-7-jh7860,https://bizweb.dktcdn.net/thumb/medium/100/347/092/products/474167613-9683130275039711-6165026201370435536-n.jpg?v=1737958393440,1.150.000₫,2.800.000₫,Adidas Japan,"['39', '40', '40.5', '41', '42', '42.5', '43', '44']",https://bizweb.dktcdn.net/100/347/092/products/474167613-9683130275039711-6165026201370435536-n.jpg?v=1737958393440;https://bizweb.dktcdn.net/100/347/092/products/472909820-619786573928182-5120120957730792801-n.jpg?v=1737958394057;https://bizweb.dktcdn.net/100/347/092/products/472888401-555738990818121-8258373913368204271-n.jpg?v=1737958394057;https://bizweb.dktcdn.net/100/347/092/products/473085402-1818773098945749-4133539925202843695-n.jpg?v=1737958393440;https://bizweb.dktcdn.net/100/347/092/products/474018540-24783540934571175-3133373345160547780-n.jpg?v=1737958393440;https://bizweb.dktcdn.net/100/347/092/products/474380148-3839795836291553-4925620132579573420-n.jpg?v=1737958380043;https://bizweb.dktcdn.net/100/347/092/products/474640705-1665261697449928-3708218631925693752-n.jpg?v=1737958380797;https://bizweb.dktcdn.net/100/347/092/products/474783736-1145295553613025-5443872520283743265-n.jpg?v=1737958381560,"Adidas GALAXY 7 M (JH7860);Bộ chạy Adidas được thiết kế dành riêng cho phái nữ, phụ nữ và phụ nữ để họ thoải mái suốt cả ngày.Mặt trên bằng lưới thoáng khí giúp đôi chân của bạn luôn tươi mới và đế ngoài bằng cao su bền bỉ mang lại lực kéo. Nó được làm từ nhiều loại vật liệu tái chế và là một trong những giải pháp của Adidas nhằm mục đích loại bỏ rác thải nhựa.;Phần trên: Tổng hợp;Đếm ngoài: Đếm cao su;Có thể có sự khác biệt giữa các sản phẩm được xử lý đặc biệt và thiết kế trong đồ họa được sử dụng trong giày thể thao. Cảm ơn bạn đã biết rõ.;*Sản phẩm này có chiều rộng đều yên nên với giày thể thao tinh thông thường (adidas Superstar, CONVERSE All Star), vì vậy chúng tôi khuyên bạn nên lấy kích thước hoàn hảo. Ngoài ra, nếu bạn có mu bàn chân rộng, chúng tôi khuyên bạn nên tăng kích thước thêm 0,5cm."
-6420224334772580028,Giày Adidas Nam Chính Hãng - Galaxy 7 Running - Đen | JapanSport ID8760,https://giaynhatchinhhang.vn/giay-adidas-galaxy-7-id8760,https://bizweb.dktcdn.net/thumb/medium/100/347/092/products/giay-adidas-galaxy-6-running-id8760-1.jpg?v=1737715859303,1.150.000₫,1.800.000₫,Adidas Japan,"['39', '40', '40.5', '41', '42', '42.5', '43', '44', '44.5']",https://bizweb.dktcdn.net/100/347/092/products/giay-adidas-galaxy-6-running-id8760-1.jpg?v=1737715859303;https://bizweb.dktcdn.net/100/347/092/products/giay-adidas-galaxy-6-running-id8760-2.jpg?v=1737715861353;https://bizweb.dktcdn.net/100/347/092/products/giay-adidas-galaxy-6-running-id8760-3.jpg?v=1737715863470;https://bizweb.dktcdn.net/100/347/092/products/giay-adidas-galaxy-6-running-id8760-4.jpg?v=1737715865347;https://bizweb.dktcdn.net/100/347/092/products/giay-adidas-galaxy-6-running-id8760-5.jpg?v=1737715867073;https://bizweb.dktcdn.net/100/347/092/products/giay-adidas-galaxy-6-running-id8760-6.jpg?v=1737715868930;https://bizweb.dktcdn.net/100/347/092/products/giay-adidas-galaxy-6-running-id8760-7.jpg?v=1737715870783;https://bizweb.dktcdn.net/100/347/092/products/giay-adidas-galaxy-6-running-id8760-8.jpg?v=1737715872610;https://bizweb.dktcdn.net/100/347/092/products/giay-adidas-galaxy-6-running-id8760-9.jpg?v=1737715874373;https://bizweb.dktcdn.net/100/347/092/products/giay-adidas-galaxy-6-running-id8760-10.jpg?v=1737715876253,Đôi giày chạy bộ nâng đỡ cho cảm giác êm ái.;Mỗi buổi chạy đều là một hành trình khám phá. Hãy mang đôi giày chạy bộ adidas này vào và khai phá tiềm năng của bạn. Đế giữa Cloudfoam nâng niu từng sải bước giúp bạn luôn thoải mái trong quá trình rèn luyện sức bền. Thân giày bằng vải dệt bền bỉ cho cảm giác nâng đỡ từ buổi chạy đầu tiên cho tới 5K đầu tiên.;THÔNG TIN SẢN PHẨM;Dáng regular fit;Có dây giày;Thân giày bằng vải dệt;Lớp lót bằng vải dệt;Đế giữa Cloudfoam;Đế ngoài bằng chất liệu TPU;Trọng lượng: 319 g (size UK 8.5);Chênh lệch độ cao đế giữa: 6 mm (gót giày 35 mm / mũi giày 29 mm);Có chứa tối thiểu 20% thành phần tái chế;Màu sản phẩm: Đen lõi / Trắng mây / Carbon;Mã sản phẩm: ID8760
-3907872126145294376,Giày Adidas Nam Chính hãng - Ultraboost 22 - Màu Hồng | JapanSport GX8037,https://giaynhatchinhhang.vn/adidas-ultraboost-22-gx8037,https://bizweb.dktcdn.net/thumb/medium/100/347/092/products/giay-adidas-ultraboost-22-gx8037-01-1.jpg?v=1737612918087,2.250.000₫,5.100.000₫,Adidas,"['38.5', '39']",https://bizweb.dktcdn.net/100/347/092/products/giay-adidas-ultraboost-22-gx8037-01-1.jpg?v=1737612918087;https://bizweb.dktcdn.net/100/347/092/products/giay-adidas-ultraboost-22-gx8037-01-2.jpg?v=1737612918673;https://bizweb.dktcdn.net/100/347/092/products/giay-adidas-ultraboost-22-gx8037-01-3.jpg?v=1737612919020;https://bizweb.dktcdn.net/100/347/092/products/giay-adidas-ultraboost-22-gx8037-01-4.jpg?v=1737612919833;https://bizweb.dktcdn.net/100/347/092/products/giay-adidas-ultraboost-22-gx8037-01-5.jpg?v=1737612920617,
5730584018119327349,Giày Adidas Nữ Chính Hãng - Supernova STRIDE W - Màu đỏ | JapanSport ID3694,https://giaynhatchinhhang.vn/giay-adidas-supernova-stride-w-id3694,https://bizweb.dktcdn.net/thumb/medium/100/347/092/products/giay-adidas-supernova-stride-w-id3694-1.jpg?v=1737546686350,1.550.000₫,3.200.000₫,Adidas,"['39', '40', '38', '38.5']",https://bizweb.dktcdn.net/100/347/092/products/giay-adidas-supernova-stride-w-id3694-1.jpg?v=1737546686350;https://bizweb.dktcdn.net/100/347/092/products/giay-adidas-supernova-stride-w-id3694-4.jpg?v=1737546736483;https://bizweb.dktcdn.net/100/347/092/products/giay-adidas-supernova-stride-w-id3694-2.jpg?v=1737546736483;https://bizweb.dktcdn.net/100/347/092/products/giay-adidas-supernova-stride-w-id3694-3.jpg?v=1737546736483;https://bizweb.dktcdn.net/100/347/092/products/giay-adidas-supernova-stride-w-id3694-5.jpg?v=1737546692483;https://bizweb.dktcdn.net/100/347/092/products/giay-adidas-supernova-stride-w-id3694-6.jpg?v=1737546694240;https://bizweb.dktcdn.net/100/347/092/products/giay-adidas-supernova-stride-w-id3694-7.jpg?v=1737546695563;https://bizweb.dktcdn.net/100/347/092/products/giay-adidas-supernova-stride-w-id3694-8.jpg?v=1737546697110;https://bizweb.dktcdn.net/100/347/092/products/giay-adidas-supernova-stride-w-id3694-9.jpg?v=1737546699140,
-4515924118200674066,Giày Adidas Nữ Chính Hãng - GALAXY 6 - Màu đen | JapanSport ID7372,https://giaynhatchinhhang.vn/giay-adidas-galaxy-6-id7372,https://bizweb.dktcdn.net/thumb/medium/100/347/092/products/giay-adidas-galaxy-6-id7372-1.jpg?v=1736797443330,980.000₫,1.800.000₫,Adidas,"['36', '36.5', '37', '38', '38.5', '39']",https://bizweb.dktcdn.net/100/347/092/products/giay-adidas-galaxy-6-id7372-1.jpg?v=1736797443330;https://bizweb.dktcdn.net/100/347/092/products/giay-adidas-galaxy-6-id7372-2.jpg?v=1736797444170;https://bizweb.dktcdn.net/100/347/092/products/giay-adidas-galaxy-6-id7372-4.jpg?v=1736797575067;https://bizweb.dktcdn.net/100/347/092/products/giay-adidas-galaxy-6-id7372-7.jpg?v=1736797575803;https://bizweb.dktcdn.net/100/347/092/products/giay-adidas-galaxy-6-id7372-8.jpg?v=1736797577217;https://bizweb.dktcdn.net/100/347/092/products/giay-adidas-galaxy-6-id7372-3.jpg?v=1736797577217;https://bizweb.dktcdn.net/100/347/092/products/giay-adidas-galaxy-6-id7372-5.jpg?v=1736797577217;https://bizweb.dktcdn.net/100/347/092/products/giay-adidas-galaxy-6-id7372-6.jpg?v=1736797577217,"ĐÔI GIÀY CHẠY BỘ THOẢI MÁI CÓ SỬ DỤNG CHẤT LIỆU TÁI CHẾ.;Trước đây cũng vậy, và bây giờ cũng vậy. Các thiết kế giày của adidas luôn hướng tới vận động viên. Đôi giày chạy bộ này có thể mang mọi lúc mọi nơi, nhưng vẫn được trang bị một số công nghệ tiên tiến. Thân giày bằng vải lưới siêu nhẹ giúp không khí lưu thông, cùng đế giữa Cloudfoam cho cảm giác đàn hồi, êm ái. Lót giày mềm mại giúp đôi chân luôn được nâng đỡ, bất kể bạn đi bộ đường dài hay tập luyện bao lâu. Làm từ một loạt chất liệu tái chế, thân giày có chứa tối thiểu 50% thành phần tái chế. Sản phẩm này đại diện cho một trong số rất nhiều các giải pháp của chúng tôi hướng tới chấm dứt rác thải nhựa.;THÔNG TIN SẢN PHẨM;Vừa vặn thường xuyên;Đóng ren;Lưới dệt phía trên;Đế giữa bằng mây;Lớp lót dệt;Trọng lượng: 267 gram (size UK 5.5);Độ tụt đế giữa: 10 mm (gót chân: 27 mm / bàn chân trước: 17 mm);Đế cao su;Phần trên chứa tối thiểu 50% hàm lượng tái chế;Màu sắc: Đen cốt lõi/Tím mờ/Hồng trong suốt.;Mã sản phẩm: ID7372"
8716330952173351330,Giày Adidas Nữ Chính Hãng - Supernova Solution - Màu Xanh Tím | JapanSport - ID3606,https://giaynhatchinhhang.vn/adidas-supernova-solution-japansport-id3606,https://bizweb.dktcdn.net/thumb/medium/100/347/092/products/cb7e9516-60b5-4327-a347-0473bccfcab7.jpg?v=1736398119523,1.680.000₫,3.800.000₫,ADIDAS GLOBAL,"['37', '38']",https://bizweb.dktcdn.net/100/347/092/products/cb7e9516-60b5-4327-a347-0473bccfcab7.jpg?v=1736398119523;https://bizweb.dktcdn.net/100/347/092/products/36e7e50e-07ae-4c5d-ba14-50a1ade93e36.jpg?v=1736398136420;https://bizweb.dktcdn.net/100/347/092/products/71e51aed-51bf-4d57-b0f4-ac67388b2a6e.jpg?v=1736398137750;https://bizweb.dktcdn.net/100/347/092/products/e4f8df0a-b992-4298-a893-106be86d35a1.jpg?v=1736398137750;https://bizweb.dktcdn.net/100/347/092/products/e20e9468-40ee-4c7c-8f22-0103e9c307bc.jpg?v=1736398135243;https://bizweb.dktcdn.net/100/347/092/products/073e83a4-4e16-43c8-a233-a3d2b1c2b74c.jpg?v=1736398135243;https://bizweb.dktcdn.net/100/347/092/products/8fd48fbd-9ab0-4da4-9020-8c3680cef832.jpg?v=1736398135243;https://bizweb.dktcdn.net/100/347/092/products/5da58792-0624-45e6-86dc-bd8c25abd617.jpg?v=1736398135243;https://bizweb.dktcdn.net/100/347/092/products/85b5f311-8716-4d25-a286-42eac02b2361.jpg?v=1736398134017,"GIẢI PHÁP SIÊU TÂN TINH ĐỂ ĐƯỢC HỖ TRỢ NHIỀU HƠN;Với lớp bọt siêu mịn Dreamstrike+ ở đế giữa và hệ thống Comfort Heel Fit mang lại sự thoải mái tối đa cũng như Đế ngoài Adiwear tạo độ bám và lực kéo, Supernova Solution là sự lựa chọn hàng đầu cho người chạy bộ hàng ngày. Và để cung cấp sự hỗ trợ tốt hơn cho những người chạy bộ cần nó, chúng tôi đã bổ sung các thanh hỗ trợ mật độ kép với hình học được tối ưu hóa ở phía giữa. Bằng cách lựa chọn vật liệu tái chế, chúng tôi có thể tái sử dụng các vật liệu đã được tạo ra, giúp giảm thiểu chất thải. Các lựa chọn vật liệu tái tạo sẽ giúp chúng tôi loại bỏ sự phụ thuộc vào các nguồn tài nguyên hữu hạn. Các sản phẩm của chúng tôi được làm từ sự kết hợp giữa vật liệu tái chế và vật liệu tái tạo có tổng cộng ít nhất 20% các vật liệu này.;Chi tiết;Vừa vặn thông thường;Đóng ren;Lưới phía trên;Hệ thống thanh đỡ;Đế giữa Dreamstrike+;Đế ngoài Adiwear;Trọng lượng: 240 g (kích thước UK 5.5);Độ cao đế giữa: 9 mm (gót chân: 34 mm / bàn chân trước: 25 mm);Chứa tối thiểu 20% nội dung tái chế và tái tạo;Màu sắc: Xanh lam trong vắt / Tím nhạt / Xanh ngọc lam;Mã sản phẩm: ID3606"
-733437240378272529,Dép Adidas Chính Hãng - ADILETTE 22 SLIDES - Màu xám | JapanSport HP6522,https://giaynhatchinhhang.vn/adidas-adilette-22-slides-hp6522,https://bizweb.dktcdn.net/thumb/medium/100/347/092/products/b8bfca5a-883a-44ec-a171-3e323ea07dd9.jpg?v=1735551869743,880.000₫,1.500.000₫,Adidas,"['37', '38', '40.5', '39', '42', '43']",https://bizweb.dktcdn.net/100/347/092/products/b8bfca5a-883a-44ec-a171-3e323ea07dd9.jpg?v=1735551869743;https://bizweb.dktcdn.net/100/347/092/products/fa39a09f-b4a6-4a1d-b309-53ec7caca525.jpg?v=1735551872663;https://bizweb.dktcdn.net/100/347/092/products/d7cf5879-ab26-469e-9f0d-f31dc30696e1.jpg?v=1735551873850;https://bizweb.dktcdn.net/100/347/092/products/eafcc7ab-dea8-470f-b1a8-90b8664f249c.jpg?v=1735551876543;https://bizweb.dktcdn.net/100/347/092/products/9fc5f120-382a-4435-99ae-71946e7bc8fb.jpg?v=1735551876543;https://bizweb.dktcdn.net/100/347/092/products/4846d888-60b6-451e-88db-66887e2edb42.jpg?v=1735551876543,"Đôi dép đậm chất tương lai, có nguồn gốc tự nhiên.;Để làm ra thiết kế cho đôi dép adidas này, chúng tôi đã tìm kiếm bản đồ địa hình minh họa những chuyến du hành tới sao Hoả và những giai đoạn không gian khác nhau của một hành tinh mới. Nguồn cảm hứng đến từ tương lai không chỉ dừng lại ở đó. Dép còn được làm từ chất liệu sử dụng cây mía, đây là bước tiến hướng đến một tương lai bền vững hơn. Hãy đi đôi dép này trên nhiều loại địa hình từ ướt đến khô. Đôi dép này làm từ chất liệu tự nhiên và có thể tái tạo, là một phần trong hành trình của chúng tôi hướng tới chấm dứt sử dụng tài nguyên hữu hạn và góp phần loại bỏ rác thải nhựa.;THÔNG TIN SẢN PHẨM;Dáng slip-on;Quai ngang;Chất liệu EVA sinh học chứa 25% hàm lượng thực vật có nguồn gốc từ mía;Sử dụng tối thiểu 50% chất liệu tự nhiên và có thể tái tạo;Màu sản phẩm: Xám mức 5 / Đen lõi;Mã sản phẩm: HP6522"
2188798708745700247,Giày Adidas Nữ Chính Hãng - Pureboost Light - Màu Pink | JapanSport IH2464,https://giaynhatchinhhang.vn/didas-pureboost-light-pink-ih2464,https://bizweb.dktcdn.net/thumb/medium/100/347/092/products/470785406-1357621918749865-7981689223900802324-n.jpg?v=1735550735170,1.580.000₫,4.100.000₫,Adidas,"['36', '36.5', '37', '38', '38.5', '39']",https://bizweb.dktcdn.net/100/347/092/products/470785406-1357621918749865-7981689223900802324-n.jpg?v=1735550735170;https://bizweb.dktcdn.net/100/347/092/products/471621429-911299884508655-6172145443203728554-n.jpg?v=1735550737220;https://bizweb.dktcdn.net/100/347/092/products/470052997-1295826784786685-7708717018969972900-n.jpg?v=1735550739197;https://bizweb.dktcdn.net/100/347/092/products/470056923-1318554229579825-8979052385952416786-n.jpg?v=1735550741353;https://bizweb.dktcdn.net/100/347/092/products/470051632-8974577475953435-8228811976925950282-n.jpg?v=1735550742837;https://bizweb.dktcdn.net/100/347/092/products/467483654-925562853021309-2867345000664080449-n.jpg?v=1735550742837;https://bizweb.dktcdn.net/100/347/092/products/470051888-536907225981629-2646023231612735525-n.jpg?v=1735550741353;https://bizweb.dktcdn.net/100/347/092/products/470057920-613400837725317-8882660251088257127-n.jpg?v=1735550737220,"Giày chạy bộ có đệm được làm một phần bằng vật liệu tái chế.;Bất cứ nơi nào bạn đến, hãy luôn tràn đầy năng lượng trong đôi giày chạy bộ adidas dành cho trẻ em này. Đế giữa BOOST toàn bộ đệm cho các lần chạy và cuộc phiêu lưu hàng ngày của bạn và phần trên bằng lưới kỹ thuật tối đa hóa luồng không khí để tạo cảm giác mát mẻ, thoáng mát. Việc chuyển đổi từ đường bộ sang đường mòn rồi đến vỉa hè trở nên dễ dàng và trơn tru nhờ đế ngoài Stretchweb có độ bám tốt.;Sản phẩm này có ít nhất 20% vật liệu tái chế. Bằng cách tái sử dụng các vật liệu đã được tạo ra, chúng tôi giúp giảm thiểu chất thải và sự phụ thuộc của chúng tôi vào các nguồn tài nguyên hữu hạn cũng như giảm dấu chân của các sản phẩm chúng tôi sản xuất.;THÔNG TIN SẢN PHẨM;Vừa vặn;Khóa ren;Mặt trên bằng lưới;Lớp lót bằng vải;Đế giữa BOOST;Độ cao đế giữa: 9 mm (gót giày 30 mm / bàn chân trước 21 mm);Đế ngoài bằng cao su Stretchweb;Chứa ít nhất 20% thành phần tái chế;Nhập khẩu;Màu sản phẩm: Hồng Spark / Đen lõi / Yến mạch;Mã sản phẩm: IH2464"
-3914504700460238520,Giày Adidas Nam Chính Hãng - 4DFWD x STRUNG Running - Màu Đen | JapanSport ID8312,https://giaynhatchinhhang.vn/adidas-4dfwd-x-strung-id8312,https://bizweb.dktcdn.net/thumb/medium/100/347/092/products/adidas-4dfwd-x-strung-id8312-01.jpg?v=1735469990423,3.500.000₫,7.800.000₫,Adidas,"['38.5', '39', '40', '40.5', '41']",https://bizweb.dktcdn.net/100/347/092/products/adidas-4dfwd-x-strung-id8312-01.jpg?v=1735469990423;https://bizweb.dktcdn.net/100/347/092/products/adidas-4dfwd-x-strung-id8312-02.jpg?v=1735469991247;https://bizweb.dktcdn.net/100/347/092/products/adidas-4dfwd-x-strung-id8312-03.jpg?v=1735469992070;https://bizweb.dktcdn.net/100/347/092/products/adidas-4dfwd-x-strung-id8312-04.jpg?v=1735469992913;https://bizweb.dktcdn.net/100/347/092/products/adidas-4dfwd-x-strung-id8312-05.jpg?v=1735469993520;https://bizweb.dktcdn.net/100/347/092/products/adidas-4dfwd-x-strung-id8312-06.jpg?v=1735469994220;https://bizweb.dktcdn.net/100/347/092/products/adidas-4dfwd-x-strung-id8312-07.jpg?v=1735469995070;https://bizweb.dktcdn.net/100/347/092/products/adidas-4dfwd-x-strung-id8312-08.jpg?v=1735469995700;https://bizweb.dktcdn.net/100/347/092/products/adidas-4dfwd-x-strung-id8312-09.jpg?v=1735469996337,"Giày chạy phản ứng nhanh được làm một phần bằng hỗn hợp vật liệu tái chế và tái tạo.;LƯU Ý SIZE NHỎ - NÊN TĂNG 1 SIZE;Cảm nhận sức mạnh của sự vừa vặn tinh tế khi bạn chạy hết số dặm trong đôi giày chạy adidas này. Phần trên STRUNG cải tiến cung cấp một lớp kén nhẹ, liền mạch cho bàn chân của bạn, thích ứng với chuyển động của bạn để có sự vừa vặn năng động, tối ưu. Nó đi trên đế giữa 4D in 3D để có một chuyến đi êm ái, ổn định giúp bạn chạy giống như đang lướt tới mục tiêu của mình hơn.;Bằng cách chọn vật liệu tái chế, chúng tôi có thể tái sử dụng các vật liệu đã được tạo ra, giúp giảm thiểu chất thải. Các lựa chọn vật liệu tái tạo sẽ giúp chúng tôi loại bỏ sự phụ thuộc vào các nguồn tài nguyên hữu hạn. Các sản phẩm của chúng tôi được làm bằng hỗn hợp vật liệu tái chế và tái tạo có ít nhất 20% tổng số các vật liệu này.;THLOONG TIN SẢN PHẨM;Kiểu dáng vừa vặn;Khóa ren;Phần trên có DÂY;Lớp lót bằng vải;Đế ngoài bằng chất liệu tổng hợp;Trọng lượng: 8,8 ounce (cỡ 7);Chứa tối thiểu 20% thành phần tái chế và tái tạo;Nhập khẩu;Màu sản phẩm: Đen lõi / Xám mức 5 / Trắng mây;Mã sản phẩm: ID8312"
-2736370337345689424,Giày Adidas Nam Nữ Chính Hãng - Pureboost Light Shoes - Màu Đen | JapanSport IH2466,https://giaynhatchinhhang.vn/adidas-pureboost-light-ih2466,https://bizweb.dktcdn.net/thumb/medium/100/347/092/products/cb489e8c-07ab-4b75-aab1-649cbcdef0aa.jpg?v=1735550927997,1.580.000₫,4.100.000₫,Adidas,"['36', '36.5', '37', '38', '38.5', '39', '40']",https://bizweb.dktcdn.net/100/347/092/products/cb489e8c-07ab-4b75-aab1-649cbcdef0aa.jpg?v=1735550927997;https://bizweb.dktcdn.net/100/347/092/products/25dd2034-783a-4185-8dcb-08fce6e7451e.jpg?v=1735550931233;https://bizweb.dktcdn.net/100/347/092/products/a86ccbb0-6c63-4016-b084-3bb9f78b28e9.jpg?v=1735550933577;https://bizweb.dktcdn.net/100/347/092/products/85db105f-a85a-4bb0-a4fb-880edd8d09ad.jpg?v=1735550933577;https://bizweb.dktcdn.net/100/347/092/products/02ba238b-6f66-43a8-a9ec-b0af8c2dc443.jpg?v=1735550933577;https://bizweb.dktcdn.net/100/347/092/products/7df1e14b-9a66-48f6-9d02-942de14554a9.jpg?v=1735550935257;https://bizweb.dktcdn.net/100/347/092/products/4f57f864-047a-4cda-a589-52a7f57436be.jpg?v=1735550935257;https://bizweb.dktcdn.net/100/347/092/products/e4b9bb42-5f71-4883-aab4-25d042f48a9f.jpg?v=1735550924210,"Giày chạy bộ có đệm được làm một phần bằng vật liệu tái chế.;Bất cứ nơi nào bạn đến, hãy luôn tràn đầy năng lượng trong đôi giày chạy bộ adidas dành cho trẻ em này. Đế giữa BOOST toàn bộ đệm cho các lần chạy và cuộc phiêu lưu hàng ngày của bạn và phần trên bằng lưới kỹ thuật tối đa hóa luồng không khí để tạo cảm giác mát mẻ, thoáng mát. Việc chuyển đổi từ đường bộ sang đường mòn rồi đến vỉa hè trở nên dễ dàng và trơn tru nhờ đế ngoài Stretchweb có độ bám tốt.;Sản phẩm này có ít nhất 20% vật liệu tái chế. Bằng cách tái sử dụng các vật liệu đã được tạo ra, chúng tôi giúp giảm thiểu chất thải và sự phụ thuộc của chúng tôi vào các nguồn tài nguyên hữu hạn cũng như giảm dấu chân của các sản phẩm chúng tôi sản xuất.;THÔNG TIN SẢN PHẨM;Vừa vặn;Khóa ren;Mặt trên bằng lưới;Lớp lót bằng vải;Đế giữa BOOST;Độ cao đế giữa: 9 mm (gót giày 30 mm / bàn chân trước 21 mm);Đế ngoài bằng cao su Stretchweb;Chứa ít nhất 20% thành phần tái chế;Nhập khẩu;Màu sản phẩm: Đen lõi / Trắng mây;Mã sản phẩm: IH2466"
9088166560564489623,Giày Adidas Nam Chính hãng - EQ21 Run - Màu Trắng | JapanSport GW6728,https://giaynhatchinhhang.vn/adidas-eq21-run-gw6728,https://bizweb.dktcdn.net/thumb/medium/100/347/092/products/462638942-952732836190550-3440486636283882322-n.jpg?v=1735191056710,1.350.000₫,2.500.000₫,adidas,"['39', '40', '40.5', '41', '42', '42.5', '43', '44', '44.5']",https://bizweb.dktcdn.net/100/347/092/products/462638942-952732836190550-3440486636283882322-n.jpg?v=1735191056710;https://bizweb.dktcdn.net/100/347/092/products/470056927-1773315360171416-5469892766109559134-n.jpg?v=1735191079177;https://bizweb.dktcdn.net/100/347/092/products/471246481-956553523050014-7828177997055935860-n.jpg?v=1735191085687;https://bizweb.dktcdn.net/100/347/092/products/466964493-1102439464916359-9179259676485110828-n.jpg?v=1735191085687;https://bizweb.dktcdn.net/100/347/092/products/462652682-1720334195414994-3093947909532266321-n.jpg?v=1735191085687;https://bizweb.dktcdn.net/100/347/092/products/467470434-1720453161831090-8255709095639471151-n.jpg?v=1735191083223;https://bizweb.dktcdn.net/100/347/092/products/464987044-623010673626791-4992527498782665100-n.jpg?v=1735191087987;https://bizweb.dktcdn.net/100/347/092/products/467536100-2155575591512053-7357910385069220514-n.jpg?v=1735191087987,
-4186997354538476538,Giày Adidas Chính Hãng - Climawarm Bounce - Màu Đen | JapanSport IF4311,https://giaynhatchinhhang.vn/adidas-climawarm-bounce-if4311,https://bizweb.dktcdn.net/thumb/medium/100/347/092/products/f0509358e1d74ec49f2fda839040ec6c.jpg?v=1735186148070,1.480.000₫,,ADIDAS GLOBAL,"['40', '41', '42', '42.5', '43']",https://bizweb.dktcdn.net/100/347/092/products/f0509358e1d74ec49f2fda839040ec6c.jpg?v=1735186148070;https://bizweb.dktcdn.net/100/347/092/products/738750c6957f4eb7b6060b7cd663baa5.jpg?v=1735186149947;https://bizweb.dktcdn.net/100/347/092/products/bf09d385550f4d7a8126e7c66f44b648.jpg?v=1735186150830;https://bizweb.dktcdn.net/100/347/092/products/fff9c6722fc54720bf23181e4783caf7.jpg?v=1735186206450;https://bizweb.dktcdn.net/100/347/092/products/907f64ea3efc4d95817a987608086490.jpg?v=1735186207223,"adidas Climawarm Bounce 'Black White'   IF4311;Kết hợp phong cách thanh lịch với các tính năng hiệu suất tiên tiến. Được thiết kế cho lối sống năng động, đôi giày chạy bộ này có đệm và hỗ trợ đặc biệt, đảm bảo sự thoải mái trong quá trình tập luyện hoặc các hoạt động hàng ngày. Phần trên thoáng khí cung cấp khả năng thông gió trong khi vẫn giữ được sự vừa vặn, khiến chúng trở nên hoàn hảo cho cả chạy bộ và trang phục thường ngày. Với phối màu đen và trắng đa năng, đôi giày này kết hợp liền mạch giữa thời trang và chức năng, nâng tầm bất kỳ trang phục thể thao hay thường ngày nào.;Chi tiết:;Mã sản phẩm: IF4311;Ngày phát hành: 08/02/2023"
7539588954735877731,Dép Adidas Chính Hãng - ADILETTE 22 - Màu Trắng | JapanSport HQ4672,https://giaynhatchinhhang.vn/adidas-adilette-22-hq4672,https://bizweb.dktcdn.net/thumb/medium/100/347/092/products/hq4672-s1.jpg?v=1735038848547,680.000₫,1.500.000₫,Adidas,"['38', '39', '40.5', '44.5']",https://bizweb.dktcdn.net/100/347/092/products/hq4672-s1.jpg?v=1735038848547;https://bizweb.dktcdn.net/100/347/092/products/hq4672-s3.jpg?v=1735038849233;https://bizweb.dktcdn.net/100/347/092/products/hq4672-s4.jpg?v=1735038849910;https://bizweb.dktcdn.net/100/347/092/products/hq4672-s5.jpg?v=1735038850593;https://bizweb.dktcdn.net/100/347/092/products/hq4672-s6.jpg?v=1735038851083;https://bizweb.dktcdn.net/100/347/092/products/hq4672-s7.jpg?v=1735038851603;https://bizweb.dktcdn.net/100/347/092/products/hq4672-s9.jpg?v=1735038852110;https://bizweb.dktcdn.net/100/347/092/products/hq4672-s10.jpg?v=1735038852597,"ĐÔI DÉP ĐẬM CHẤT TƯƠNG LAI NÀY CÓ NGUỒN GỐC TỰ NHIÊN.;Bạn đã sẵn sàng chinh phục thế giới hay chỉ muốn đá nước tại hồ bơi? Mang ngay đôi dép adidas adilette 22 vào vì lúc đó chẳng có gì làm khó được bạn. Với thiết kế nguyên khối cho cảm giác thoải mái tối ưu, đôi dép này có thể đồng hành cùng bạn mọi lúc mọi nơi. Thiết kế hướng tới tương lai lấy cảm hứng từ địa hình và hành trình khám phá không gian. Chất liệu sinh học tự nhiên nâng niu từng sải bước để bạn có thể tiếp tục khám phá suốt ngày dài. Sản phẩm này làm từ tối thiểu 20% chất liệu tái tạo. Chuyển sang các nguồn chất liệu tái tạo mang tới nhiều lựa chọn hơn để giảm phụ thuộc vào các nguồn tài nguyên hữu hạn. Chúng tôi lựa chọn các chất liệu tái tạo vì đó là tài nguyên thiên nhiên có thể được trồng trọt lại được. Khác với chất liệu có nguồn gốc từ nhiên liệu hóa thạch sẽ bị cạn kiệt sau khi sử dụng.;Thông tin chi tiết;Dáng regular fit;Dáng slip-on;Chất liệu EVA sinh học nguyên khối chứa 25% hàm lượng thực vật có nguồn gốc từ mía;Có chứa tối thiểu 20% chất liệu tái tạo;Màu sản phẩm: Màu Trắng;Mã sản phẩm:"
2090962001395075949,Giày Adidas Chính hãng - Ultrabounce Nữ - Màu Trắng | JapanSport IG7284,https://giaynhatchinhhang.vn/adidas-eq21-run-ig7284,https://bizweb.dktcdn.net/thumb/medium/100/347/092/products/adidas-eq21-run-ig7284-01.jpg?v=1734978861130,1.080.000₫,2.500.000₫,adidas,"['36', '36.5', '37', '38', '38.5']",https://bizweb.dktcdn.net/100/347/092/products/adidas-eq21-run-ig7284-01.jpg?v=1734978861130;https://bizweb.dktcdn.net/100/347/092/products/adidas-eq21-run-ig7284-02.jpg?v=1734978861727;https://bizweb.dktcdn.net/100/347/092/products/adidas-eq21-run-ig7284-03.jpg?v=1734978862570;https://bizweb.dktcdn.net/100/347/092/products/adidas-eq21-run-ig7284-04.jpg?v=1734978863203;https://bizweb.dktcdn.net/100/347/092/products/adidas-eq21-run-ig7284-05.jpg?v=1734978863817;https://bizweb.dktcdn.net/100/347/092/products/adidas-eq21-run-ig7284-06.jpg?v=1734978864453;https://bizweb.dktcdn.net/100/347/092/products/adidas-eq21-run-ig7284-07.jpg?v=1734978864863;https://bizweb.dktcdn.net/100/347/092/products/adidas-eq21-run-ig7284-08.jpg?v=1734978865503,"Giày chạy bộ hiện đại được làm một phần từ vật liệu tái chế.;Đôi giày chạy bộ adidas này là sự đánh cược thắng lợi về nhiều mặt. Chúng được thiết kế để mang lại sự thoải mái nhờ lớp đệm Bounce nhẹ. Mặt trên bằng lưới thoáng khí giúp chân bạn luôn mát mẻ, trong khi đế ngoài bằng cao su không để lại dấu vết giúp bạn nổi bật trên sân và đường phố. Từ quan điểm phong cách, rõ ràng là nó cách xa phần còn lại.;Bên ngoài chứa ít nhất 50% vật liệu tái chế. Sản phẩm này chỉ là một trong những giải pháp của chúng tôi nhằm giúp chấm dứt rác thải nhựa.;THÔNG TIN SẢN PHẨM;Khóa ren;Mặt trên bằng lưới;Đế giữa Bounce;Lớp lót bằng vải;Đế ngoài bằng cao su không để lại dấu vết;Mặt trên chứa tối thiểu 50% thành phần tái chế;Màu sắc: Cloud White / Core Black / Lucid Lemon;Mã sản phẩm: IG7284"
7030860371792264203,Giày Adidas Chính Hãng - EQ19 RUN - Màu Trắng| JapanSport JR0248,https://giaynhatchinhhang.vn/adidas-eq19-run-jr0248,https://bizweb.dktcdn.net/thumb/medium/100/347/092/products/giay-adidas-eq19-run-jr0248-01.jpg?v=1734897923070,1.180.000₫,2.000.000₫,ADIDAS GLOBAL,"['36', '36.5', '37', '38', '38.5', '39', '40', '40.5', '41', '42', '42.5', '43', '44', '44.5']",https://bizweb.dktcdn.net/100/347/092/products/giay-adidas-eq19-run-jr0248-01.jpg?v=1734897923070;https://bizweb.dktcdn.net/100/347/092/products/giay-adidas-eq19-run-jr0248-02.jpg?v=1734897923610;https://bizweb.dktcdn.net/100/347/092/products/giay-adidas-eq19-run-jr0248-03.jpg?v=1734897924373;https://bizweb.dktcdn.net/100/347/092/products/giay-adidas-eq19-run-jr0248-04.jpg?v=1734897924913;https://bizweb.dktcdn.net/100/347/092/products/giay-adidas-eq19-run-jr0248-05.jpg?v=1734897925447;https://bizweb.dktcdn.net/100/347/092/products/giay-adidas-eq19-run-jr0248-06.jpg?v=1734897926203;https://bizweb.dktcdn.net/100/347/092/products/giay-adidas-eq19-run-jr0248-07.jpg?v=1734897926760,"EQ19 RUN JR0248;GIÀY SIÊU BỀN.Không quan trọng bạn đi bao xa. Bốn khối, hoặc bốn dặm. Dù bạn che phủ mặt đất nào, đôi giày chạy bộ adidas này đều đệm cho mọi lần cất cánh và hạ cánh, nhờ vào đế giữa Cloudfoam. Họ tăng cường yếu tố thở, vì vậy trong khi bạn ra ngoài cung cấp cho nó những gì bạn có, họ đang cung cấp một số cứu trợ mát mẻ.;THÔNG SỐ;Đóng ren;Dệt may phía trên với hỗ trợ TPU;Cảm giác thoáng khí cao;Dệt may lót;Đế giữa của Cloudfoam;Đế giày cao su;Màu sắc: Trắng mây / Trắng mây / Đen lõi;Mã sản phẩm: JR0248"
-6005358821619895916,Giày Adidas Nam Chính Hãng - SUPERNOVA ETERNO - Màu trắng | JapanSport ID1285,https://giaynhatchinhhang.vn/adidas-supernova-eterno-id1285,https://bizweb.dktcdn.net/thumb/medium/100/347/092/products/adidas-supernova-eterno-id1285-1.jpg?v=1734717548140,1.580.000₫,3.200.000₫,Adidas,"['40', '40.5', '41', '42', '42.5', '43', '44']",https://bizweb.dktcdn.net/100/347/092/products/adidas-supernova-eterno-id1285-1.jpg?v=1734717548140;https://bizweb.dktcdn.net/100/347/092/products/adidas-supernova-eterno-id1285-4.jpg?v=1734717996787;https://bizweb.dktcdn.net/100/347/092/products/adidas-supernova-eterno-id1285-8.jpg?v=1734717998850;https://bizweb.dktcdn.net/100/347/092/products/adidas-supernova-eterno-id1285-5.jpg?v=1734718000880;https://bizweb.dktcdn.net/100/347/092/products/adidas-supernova-eterno-id1285-6.jpg?v=1734718000880;https://bizweb.dktcdn.net/100/347/092/products/adidas-supernova-eterno-id1285-2.jpg?v=1734718000880;https://bizweb.dktcdn.net/100/347/092/products/adidas-supernova-eterno-id1285-3.jpg?v=1734718000880;https://bizweb.dktcdn.net/100/347/092/products/adidas-supernova-eterno-id1285-7.jpg?v=1734717998850,
-3775429721973802166,Giày Adidas Nam Chính Hãng - Galaxy 6 - Màu xám | JapanSport GW4140,https://giaynhatchinhhang.vn/adidas-galaxy-6-gw4140,https://bizweb.dktcdn.net/thumb/medium/100/347/092/products/gw4140-s1.jpg?v=1734279123387,1.050.000₫,1.800.000₫,Adidas Japan,"['39', '40', '40.5', '41', '42', '42.5', '43', '44', '44.5']",https://bizweb.dktcdn.net/100/347/092/products/gw4140-s1.jpg?v=1734279123387;https://bizweb.dktcdn.net/100/347/092/products/gw4140-s3.jpg?v=1734279123877;https://bizweb.dktcdn.net/100/347/092/products/gw4140-s4.jpg?v=1734279124583;https://bizweb.dktcdn.net/100/347/092/products/gw4140-s5.jpg?v=1734279124863;https://bizweb.dktcdn.net/100/347/092/products/gw4140-s6.jpg?v=1734279125357;https://bizweb.dktcdn.net/100/347/092/products/gw4140-s9.jpg?v=1734279125647;https://bizweb.dktcdn.net/100/347/092/products/gw4140-s10.jpg?v=1734279125963,"Giày chạy Adidas Nam Chính Hãng - Galaxy 6 - Màu xám GW4140;MỘT GIÀY THỂ THAO, THOẢI MÁI ĐƯỢC LÀM BẰNG CHẤT LIỆU TÁI CHẾ.;Ren lên và đi. Những đôi giày chạy bộ adidas này sẽ giúp bạn thoải mái, dù bạn có chạy vào cuối ngày hay không. Một đôi giày tuyệt vời hàng ngày, chúng có phần trên bằng lưới nhẹ và thoáng mát để giữ cho đôi chân của bạn luôn mát mẻ và đế giữa Cloudfoam để tạo sự thư thái. Đế ngoài bằng cao su được thiết kế để giữ chắc trên mọi bề mặt, từ cỏ ướt đến đất sét chậm. Lên kế hoạch mà không cần thay giày. Được làm bằng một loạt các vật liệu tái chế, phần trên này có ít nhất 50% nội dung tái chế. Sản phẩm này chỉ là một trong những giải pháp của chúng tôi để giúp chấm dứt rác thải nhựa.;THÔNG TIN CHI TIẾT SẢN PHẨM;Đóng ren;Dệt may trên;OrthoLite® sockliner;Đế giữa của Cloudfoam;Dệt may lót;Đế giày cao su;Upper chứa tối thiểu 50% nội dung tái chế"
-3545142398587049570,Giày Adidas Chính hãng - Ultrabounce Run - Màu Đen | JapanSport HQ1302,https://giaynhatchinhhang.vn/adidas-ultrabounce-run-hq1302,https://bizweb.dktcdn.net/thumb/medium/100/347/092/products/giay-ultrabounce-thieu-nien-djen-hq1302-01-standard.jpg?v=1734080908703,1.350.000₫,2.400.000₫,adidas,"['36.5', '37']",https://bizweb.dktcdn.net/100/347/092/products/giay-ultrabounce-thieu-nien-djen-hq1302-01-standard.jpg?v=1734080908703;https://bizweb.dktcdn.net/100/347/092/products/giay-ultrabounce-thieu-nien-djen-hq1302-02-standard-hover.jpg?v=1734080909203;https://bizweb.dktcdn.net/100/347/092/products/giay-ultrabounce-thieu-nien-djen-hq1302-03-standard.jpg?v=1734080910100;https://bizweb.dktcdn.net/100/347/092/products/giay-ultrabounce-thieu-nien-djen-hq1302-04-standard.jpg?v=1734080910763;https://bizweb.dktcdn.net/100/347/092/products/giay-ultrabounce-thieu-nien-djen-hq1302-05-standard.jpg?v=1734080911477;https://bizweb.dktcdn.net/100/347/092/products/giay-ultrabounce-thieu-nien-djen-hq1302-06-standard.jpg?v=1734080912167;https://bizweb.dktcdn.net/100/347/092/products/giay-ultrabounce-thieu-nien-djen-hq1302-09-standard.jpg?v=1734080912860;https://bizweb.dktcdn.net/100/347/092/products/giay-ultrabounce-thieu-nien-djen-hq1302-41-detail.jpg?v=1734080913620;https://bizweb.dktcdn.net/100/347/092/products/giay-ultrabounce-thieu-nien-djen-hq1302-42-detail.jpg?v=1734080914310,"Ultrabounce Run - HQ1302;Đôi giày chạy bộ thời thượng có sử dụng chất liệu tái chế.Đôi giày chạy bộ adidas này dẫn đầu về nhiều mặt. Giày mang lại cảm giác thoải mái nhờ lớp đệm Bounce siêu nhẹ. Thân giày bằng vải lưới thoáng khí giúp đôi chân luôn thoáng mát, đồng thời đế ngoài bằng cao su không lưu dấu và bám chắc sân tập cũng như mặt đường trơn trượt. Xét về phong cách, chỉ cần nhìn qua cũng thấy rằng đôi giày này bỏ xa hàng cây số.Làm từ một loạt chất liệu tái chế, thân giày có chứa tối thiểu 50% thành phần tái chế. Sản phẩm này đại diện cho một trong số rất nhiều các giải pháp của chúng tôi hướng tới chấm dứt rác thải nhựa.;Thông tin chi tiết;Có dây giày;Thân giày bằng vải lưới;Đế giữa Bounce;Lớp lót bằng vải dệt;Đế ngoài bằng cao su không lưu dấu;Thân giày có chứa tối thiểu 50% thành phần tái chế;Màu sản phẩm: Đen lõi / Trắng mây;Mã sản phẩm: HQ1302"
-7688510228986759186,Giày Adidas Chính hãng - EQ21 Run Nữ - Màu Đen | JapanSport IG5397,https://giaynhatchinhhang.vn/adidas-eq21-run-ig5397,https://bizweb.dktcdn.net/thumb/medium/100/347/092/products/giay-adidas-eq21-run-ig5397-01.jpg?v=1734075676863,1.280.000₫,2.500.000₫,adidas,"['36.5', '37', '38.5', '39', '38']",https://bizweb.dktcdn.net/100/347/092/products/giay-adidas-eq21-run-ig5397-01.jpg?v=1734075676863;https://bizweb.dktcdn.net/100/347/092/products/giay-adidas-eq21-run-ig5397-02.jpg?v=1734075677410;https://bizweb.dktcdn.net/100/347/092/products/giay-adidas-eq21-run-ig5397-03.jpg?v=1734075677937;https://bizweb.dktcdn.net/100/347/092/products/giay-adidas-eq21-run-ig5397-04.jpg?v=1734075678247;https://bizweb.dktcdn.net/100/347/092/products/giay-adidas-eq21-run-ig5397-05.jpg?v=1734075678597;https://bizweb.dktcdn.net/100/347/092/products/giay-adidas-eq21-run-ig5397-06.jpg?v=1734075679133;https://bizweb.dktcdn.net/100/347/092/products/giay-adidas-eq21-run-ig5397-07.jpg?v=1734075679680;https://bizweb.dktcdn.net/100/347/092/products/giay-adidas-eq21-run-ig5397-08.jpg?v=1734075680193;https://bizweb.dktcdn.net/100/347/092/products/giay-adidas-eq21-run-ig5397-09.jpg?v=1734075680743,"Giày chạy bộ hiện đại được làm một phần từ vật liệu tái chế.;Đôi giày chạy bộ adidas này là sự đánh cược thắng lợi về nhiều mặt. Chúng được thiết kế để mang lại sự thoải mái nhờ lớp đệm Bounce nhẹ. Mặt trên bằng lưới thoáng khí giúp chân bạn luôn mát mẻ, trong khi đế ngoài bằng cao su không để lại dấu vết giúp bạn nổi bật trên sân và đường phố. Từ quan điểm phong cách, rõ ràng là nó cách xa phần còn lại.;Bên ngoài chứa ít nhất 50% vật liệu tái chế. Sản phẩm này chỉ là một trong những giải pháp của chúng tôi nhằm giúp chấm dứt rác thải nhựa.;THÔNG TIN SẢN PHẨM;Hệ thống buộc chốt;Lưới phía trên;Đế giữa nảy;Lớp lót bên trong bằng vải dệt;Đế cao su không đánh dấu bề mặt;Bên ngoài chứa ít nhất 50% vật liệu tái chế;Màu sản phẩm: Đen lõi / Hồng sáng / Trắng mây;Mã sản phẩm: IG5397"
958589959086078055,Giày Adidas Nữ Chính Hãng - SUPERNOVA ETERNO - Màu Đen | JapanSport IH0440,https://giaynhatchinhhang.vn/adidas-supernova-eterno-ih0440,https://bizweb.dktcdn.net/thumb/medium/100/347/092/products/1712063750865578.jpg?v=1733916804770,1.580.000₫,3.300.000₫,Adidas,"['36', '36.5', '37']",https://bizweb.dktcdn.net/100/347/092/products/1712063750865578.jpg?v=1733916804770;https://bizweb.dktcdn.net/100/347/092/products/17120637502146694.jpg?v=1733916806067;https://bizweb.dktcdn.net/100/347/092/products/17120637503512882.jpg?v=1733916807163;https://bizweb.dktcdn.net/100/347/092/products/17120637507997914.jpg?v=1733916822883;https://bizweb.dktcdn.net/100/347/092/products/17120637506583736.jpg?v=1733916827277;https://bizweb.dktcdn.net/100/347/092/products/17120637507259111.jpg?v=1733916828690;https://bizweb.dktcdn.net/100/347/092/products/17120637504377393.jpg?v=1733916828690;https://bizweb.dktcdn.net/100/347/092/products/17120637505675554.jpg?v=1733916828690,
5110009500678528630,Giày Adidas Nam Chính hãng - Ultrabounce - Đen | JapanSport HP5777,https://giaynhatchinhhang.vn/adidas-ultrabounce-japansport-hp5777,https://bizweb.dktcdn.net/thumb/medium/100/347/092/products/462653793-1108660920727834-5343317983769908009-n.jpg?v=1733814357427,1.450.000₫,2.500.000₫,Adidas,"['39', '40.5', '41', '42', '42.5', '43', '44']",https://bizweb.dktcdn.net/100/347/092/products/462653793-1108660920727834-5343317983769908009-n.jpg?v=1733814357427;https://bizweb.dktcdn.net/100/347/092/products/465533714-930413615707440-7937400028064396100-n.jpg?v=1733814361657;https://bizweb.dktcdn.net/100/347/092/products/462653735-574012955569727-115007238119876554-n.jpg?v=1733814361657;https://bizweb.dktcdn.net/100/347/092/products/470053565-639684591715112-1201914240140374962-n.jpg?v=1733814363467;https://bizweb.dktcdn.net/100/347/092/products/462648582-573118315492470-7018395403333925860-n.jpg?v=1733814363467;https://bizweb.dktcdn.net/100/347/092/products/467347801-1146014107093620-4389805237838195899-n.jpg?v=1733814366287;https://bizweb.dktcdn.net/100/347/092/products/462652662-958143702846059-3500181148224939504-n.jpg?v=1733814374330;https://bizweb.dktcdn.net/100/347/092/products/462654403-1851216828743962-560396349277025458-n.jpg?v=1733814374330;https://bizweb.dktcdn.net/100/347/092/products/467118695-488934766979694-2762906178950458590-n.jpg?v=1733814374330,"ĐÔI GIÀY CHẠY BỘ ÊM ÁI CÓ SỬ DỤNG CHẤT LIỆU TÁI CHẾ.;Bạn đã sẵn sàng nâng dần cường độ tập luyện? Đôi giày adidas này giúp bạn sải bước tiếp theo trên hành trình chạy bộ. Đệm Bounce siêu nhẹ mang đến cảm giác thoải mái và linh hoạt để trợ lực cho bạn khi tăng cường cự ly trên đường chạy hàng ngày. Đế ngoài bằng cao su bền bỉ đảm bảo độ bám trên nhiều bề mặt đa dạng để bạn tự tin sải bước.;Thông tin chi tiết;Dáng regular fit;Có dây giày;Thân giày bằng vải dệt;Đế giữa Bounce;Lớp lót bằng vải dệt;Trọng lượng: 664,8 g (size UK 8.5);Độ dày đế giữa: 9 mm (độ cao gót giày: 25 mm / độ cao mũi giày: 16 mm);Đế ngoài bằng cao su;Thân giày có chứa tối thiểu 50% thành phần tái chế;Màu sản phẩm: Đen lõi;Mã sản phẩm: HP5777"
8930483860660712318,Giày Adidas Chính hãng - Ultrabounce Run - Màu đen | JapanSport HP5787,https://giaynhatchinhhang.vn/adidas-ultrabounce-run-hp5787,https://bizweb.dktcdn.net/thumb/medium/100/347/092/products/adidas-ultrabounce-run-hp5787-01.jpg?v=1733657196560,1.380.000₫,2.400.000₫,adidas,"['36.5', '37', '38.5']",https://bizweb.dktcdn.net/100/347/092/products/adidas-ultrabounce-run-hp5787-01.jpg?v=1733657196560;https://bizweb.dktcdn.net/100/347/092/products/adidas-ultrabounce-run-hp5787-02.jpg?v=1733657197103;https://bizweb.dktcdn.net/100/347/092/products/adidas-ultrabounce-run-hp5787-03.jpg?v=1733657197427;https://bizweb.dktcdn.net/100/347/092/products/adidas-ultrabounce-run-hp5787-04.jpg?v=1733657197950;https://bizweb.dktcdn.net/100/347/092/products/adidas-ultrabounce-run-hp5787-05.jpg?v=1733657198457;https://bizweb.dktcdn.net/100/347/092/products/adidas-ultrabounce-run-hp5787-06.jpg?v=1733657198760;https://bizweb.dktcdn.net/100/347/092/products/adidas-ultrabounce-run-hp5787-07.jpg?v=1733657199310;https://bizweb.dktcdn.net/100/347/092/products/adidas-ultrabounce-run-hp5787-08.jpg?v=1733657199853;https://bizweb.dktcdn.net/100/347/092/products/adidas-ultrabounce-run-hp5787-09.jpg?v=1733657200397,"Đôi giày chạy bộ êm ái có sử dụng chất liệu tái chế.;Bạn đã sẵn sàng nâng dần cường độ tập luyện? Đôi giày adidas này giúp bạn sải bước tiếp theo trên hành trình chạy bộ. Đệm Bounce siêu nhẹ mang đến cảm giác thoải mái và linh hoạt để trợ lực cho bạn khi tăng cường cự ly trên đường chạy hàng ngày. Đế ngoài bằng cao su bền bỉ đảm bảo độ bám trên nhiều bề mặt đa dạng để bạn tự tin sải bước.;THÔNG TIN SẢN PHẨM;Dáng regular fit;Có dây giày;Thân giày bằng vải dệt;Đế giữa Bounce;Lớp lót bằng vải dệt;Trọng lượng: 585,6 g (size UK 5.5);Độ dày đế giữa: 9 mm (độ cao gót giày: 25 mm / độ cao mũi giày: 16 mm);Đế ngoài bằng cao su;Thân giày có chứa tối thiểu 50% thành phần tái chế;Màu sản phẩm: Đen lõi / Trắng mây;Mã sản phẩm: HP5787"
-6530571618421167719,Giày Adidas Nam Chính Hãng - 4DFWD x STRUNG - Màu Trắng | JapanSport ID8892,https://giaynhatchinhhang.vn/adidas-4dfwd-x-strung-id8892,https://bizweb.dktcdn.net/thumb/medium/100/347/092/products/467483580-1270196300974784-7369379796957276052-n.jpg?v=1732946851070,2.650.000₫,6.000.000₫,Adidas,"['39', '40']",https://bizweb.dktcdn.net/100/347/092/products/467483580-1270196300974784-7369379796957276052-n.jpg?v=1732946851070;https://bizweb.dktcdn.net/100/347/092/products/462638994-881663660849773-3122234370907866939-n.jpg?v=1732946862747;https://bizweb.dktcdn.net/100/347/092/products/467478130-1231942924548425-6866512516753705546-n.jpg?v=1732946862747;https://bizweb.dktcdn.net/100/347/092/products/467479149-2638770712974359-7752892211951621245-n.jpg?v=1732946862747;https://bizweb.dktcdn.net/100/347/092/products/462583283-1270547877409274-3085946817451459276-n.jpg?v=1732946859263;https://bizweb.dktcdn.net/100/347/092/products/462553303-1098060085003395-8861923370130919215-n.jpg?v=1732946859263;https://bizweb.dktcdn.net/100/347/092/products/462640887-4357171507842829-7871553167686192901-n.jpg?v=1732946873970;https://bizweb.dktcdn.net/100/347/092/products/462586153-1118079476325391-7149842042200556681-n.jpg?v=1732946873970,"Mô tảGiày chạy phản ứng nhanh được làm một phần bằng hỗn hợp vật liệu tái chế và tái tạo.Cảm nhận sức mạnh của sự vừa vặn tinh tế khi bạn chạy hết dặm đường trong đôi giày chạy adidas này. Phần trên STRUNG cải tiến mang đến lớp đệm nhẹ, liền mạch cho bàn chân của bạn, thích ứng với chuyển động của bạn để có sự vừa vặn năng động, tối ưu. Nó đi trên đế giữa 4D in 3D để có chuyển động mượt mà, ổn định giúp bạn chạy giống như đang lướt tới mục tiêu của mình hơn.;Bằng cách chọn vật liệu tái chế, chúng tôi có thể tái sử dụng các vật liệu đã được tạo ra, giúp giảm thiểu chất thải. Các lựa chọn vật liệu tái tạo sẽ giúp chúng tôi loại bỏ sự phụ thuộc vào các nguồn tài nguyên hữu hạn. Các sản phẩm của chúng tôi được làm bằng hỗn hợp vật liệu tái chế và tái tạo có ít nhất 20% tổng số các vật liệu này.;Chi tiết;Kiểu dáng vừa vặn;Phần trên có DÂY;Lớp lót bằng vải;Đế ngoài tổng hợp;Trọng lượng: 10,4 ounce (cỡ 9);Độ dốc đế giữa: 11 mm (gót 30 mm / bàn chân trước 19 mm);Chứa tối thiểu 20% thành phần tái chế và tái tạo;Màu sản phẩm: Trắng mây / Xám mức 1 / Đen lõi;Mã sản phẩm: ID8892"
1304818510933039714,Giày Adidas Nam Nữ Chính Hãng - PUREBOOST 5 RUNNING - Màu Đen | JapanSport IF9201,https://giaynhatchinhhang.vn/adidas-pureboost-5-running-if9201,https://bizweb.dktcdn.net/thumb/medium/100/347/092/products/462583161-1120781539425900-2020740762105029224-n.jpg?v=1732944937127,1.780.000₫,3.500.000₫,Adidas,"['37', '38', '38.5', '39', '40', '41', '42', '42.5']",https://bizweb.dktcdn.net/100/347/092/products/462583161-1120781539425900-2020740762105029224-n.jpg?v=1732944937127;https://bizweb.dktcdn.net/100/347/092/products/462584818-880093220996065-3163119914031871109-n.jpg?v=1732944940150;https://bizweb.dktcdn.net/100/347/092/products/467482712-1148420646841074-8482602758988114808-n.jpg?v=1732944960143;https://bizweb.dktcdn.net/100/347/092/products/462574696-802082932013845-3138647429434309528-n.jpg?v=1732944960143;https://bizweb.dktcdn.net/100/347/092/products/462642066-879003174221287-8470969612951728444-n.jpg?v=1732944960143;https://bizweb.dktcdn.net/100/347/092/products/465820716-8649681961818842-39034426503728118-n.jpg?v=1732944960143;https://bizweb.dktcdn.net/100/347/092/products/467473716-560403643375400-2567487289690377808-n.jpg?v=1732944960143,"Mô tảGiày chạy bộ hàng ngày được làm một phần từ vật liệu tái chế.Từ buổi chạy bộ buổi sáng đến các công việc vặt buổi chiều, hãy cảm thấy tràn đầy năng lượng cả ngày trong đôi giày chạy bộ adidas này. Đệm BOOST nhẹ nhất từ ​​trước đến nay của chúng tôi giúp bạn luôn tràn đầy năng lượng, và phần trên bằng lưới thoải mái được thiết kế để thoáng khí và hỗ trợ tối ưu. Sải bước tự tin trên mọi địa hình nhờ đế ngoài Adiwear có độ bám tốt.;Sản phẩm này có ít nhất 20% vật liệu tái chế. Bằng cách tái sử dụng các vật liệu đã được tạo ra, chúng tôi giúp giảm thiểu chất thải và sự phụ thuộc của chúng tôi vào các nguồn tài nguyên hữu hạn, đồng thời giảm dấu chân của các sản phẩm chúng tôi sản xuất.;Chi tiết;Khóa ren;Mặt trên bằng lưới Engineered;Lớp lót bằng vải;Light BOOST;Trọng lượng: 7,6 ounce (cỡ 7);Độ cao đế giữa: 10 mm (gót 33 mm / bàn chân trước 23 mm);Đế ngoài Adiwear;Chứa ít nhất 20% thành phần tái chế;Nhập khẩu;Màu sản phẩm: Đen lõi / Trắng mây / Xám mức 5;Mã sản phẩm: IF9201"
5455221133238283306,Giày Adidas Nữ Chính hãng - Ultraboost 5X - Màu Hồng | JapanSport JH7253,https://giaynhatchinhhang.vn/adidas-ultraboost-5x-jh7253,https://bizweb.dktcdn.net/thumb/medium/100/347/092/products/462566294-377617975377362-5574141052864896909-n-1.jpg?v=1732942691617,2.650.000₫,5.000.000₫,adidas,"['36.5', '37', '38', '38.5', '39', '40']",https://bizweb.dktcdn.net/100/347/092/products/462566294-377617975377362-5574141052864896909-n-1.jpg?v=1732942691617;https://bizweb.dktcdn.net/100/347/092/products/462562057-1048444727081589-3696257630450759366-n.jpg?v=1732942691617;https://bizweb.dktcdn.net/100/347/092/products/462572667-1810136739759512-1605185459567187817-n.jpg?v=1732942716213;https://bizweb.dktcdn.net/100/347/092/products/467476884-1111105874069506-1426852334687513538-n.jpg?v=1732942719073;https://bizweb.dktcdn.net/100/347/092/products/462562199-439990355605171-2071238534642462998-n.jpg?v=1732942719073;https://bizweb.dktcdn.net/100/347/092/products/467477893-1650771959126937-6762207098811171624-n.jpg?v=1732942717553;https://bizweb.dktcdn.net/100/347/092/products/462641129-961902082633583-6038589482770395256-n.jpg?v=1732942710977;https://bizweb.dktcdn.net/100/347/092/products/465654736-984280787073835-5585765706830997808-n.jpg?v=1732942710977;https://bizweb.dktcdn.net/100/347/092/products/462638066-1168370788186134-995035182871394097-n.jpg?v=1732942705240;https://bizweb.dktcdn.net/100/347/092/products/462570642-942387204442412-3950756122524207505-n.jpg?v=1732942705240,"Đôi giày chạy bộ BOOST thế hệ mới có sử dụng chất liệu tái chế.;Chinh phục kỷ lục cá nhân mới thật dễ dàng với đôi giày chạy bộ adidas này. Đế BOOST nhẹ nhất từ trước đến nay của chúng tôi hoàn trả năng lượng liên tục trên từng cây số để bạn cảm thấy sung sức từ đầu đến cuối buổi chạy. Hệ thống Torsion System giữa gót giày và mũi giày tạo độ ổn định, cho sải bước mượt mà, vững chãi bất kể cự ly hay tốc độ nào. Tất cả được đặt trên đế ngoài Continental™ Rubber với độ bám chắc chắn cả trong điều kiện khô ráo cũng như ẩm ướt để bạn luôn tự tin sải bước.Sản phẩm này có chứa tối thiểu 20% chất liệu tái chế. Bằng cách tái sử dụng các chất liệu đã được tạo ra, chúng tôi góp phần giảm thiểu lãng phí và hạn chế phụ thuộc vào các nguồn tài nguyên hữu hạn, cũng như giảm phát thải từ các sản phẩm mà chúng tôi sản xuất.;Chi tiết;Dáng regular fit;Có dây giày;Thân giày bằng vải dệt;Lớp lót bằng vải dệt;Torsion System;Đệm Light BOOST;Trọng lượng: 237 g (size UK 5.5);Chênh lệch độ cao đế giữa: 10 mm (gót giày 38 mm / mũi giày 28 mm);Đế ngoài Continental™ Rubber;Có chứa tối thiểu 20% thành phần tái chế;Màu sản phẩm: Hồng;Mã sản phẩm: JH7253"
4506340940433290752,Giày Adidas Nam Nữ Chính Hãng - PUREBOOST 5 RUNNING - Màu Trắng | JapanSport IE0524,https://giaynhatchinhhang.vn/adidas-pureboost-5-running-ie0524,https://bizweb.dktcdn.net/thumb/medium/100/347/092/products/462577319-1445299806858224-8522338353562349476-n.jpg?v=1732942159870,1.780.000₫,3.200.000₫,Adidas,"['38.5', '39']",https://bizweb.dktcdn.net/100/347/092/products/462577319-1445299806858224-8522338353562349476-n.jpg?v=1732942159870;https://bizweb.dktcdn.net/100/347/092/products/467476304-2315525645473423-5668443208067620764-n.jpg?v=1732942181023;https://bizweb.dktcdn.net/100/347/092/products/467471744-1632230474312382-8127460051418569431-n.jpg?v=1732942183360;https://bizweb.dktcdn.net/100/347/092/products/462575378-1110055383805126-3701696446902282341-n.jpg?v=1732942184970;https://bizweb.dktcdn.net/100/347/092/products/462647645-1325469948614452-1370250313461516512-n.jpg?v=1732942186830;https://bizweb.dktcdn.net/100/347/092/products/467474429-927781302110349-3082191292188400757-n.jpg?v=1732942190280;https://bizweb.dktcdn.net/100/347/092/products/462569851-957079519805201-4135443449916364008-n.jpg?v=1732942190280;https://bizweb.dktcdn.net/100/347/092/products/462639843-546237254909280-2982090208227425501-n.jpg?v=1732942190280;https://bizweb.dktcdn.net/100/347/092/products/462653171-1644889436096449-3994639970137275051-n.jpg?v=1732942190280,"Mô tảGiày chạy bộ hàng ngày được làm một phần từ vật liệu tái chế.Từ buổi chạy bộ buổi sáng đến các công việc vặt buổi chiều, hãy cảm thấy tràn đầy năng lượng cả ngày trong đôi giày chạy bộ adidas này. Đệm BOOST nhẹ nhất từ ​​trước đến nay của chúng tôi giúp bạn luôn tràn đầy năng lượng, và phần trên bằng lưới thoải mái được thiết kế để thoáng khí và hỗ trợ tối ưu. Sải bước tự tin trên mọi địa hình nhờ đế ngoài Adiwear có độ bám tốt.;Sản phẩm này có ít nhất 20% vật liệu tái chế. Bằng cách tái sử dụng các vật liệu đã được tạo ra, chúng tôi giúp giảm thiểu chất thải và sự phụ thuộc của chúng tôi vào các nguồn tài nguyên hữu hạn, đồng thời giảm dấu chân của các sản phẩm chúng tôi sản xuất.;Chi tiết;Kiểu dáng vừa vặn;Khóa ren;Mặt trên bằng lưới Engineered;Lớp lót bằng vải;Light BOOST;Trọng lượng: 7,6 ounce (cỡ 7);Độ cao đế giữa: 10 mm (gót 33 mm / bàn chân trước 23 mm);Đế ngoài Adiwear;Chứa ít nhất 20% thành phần tái chế;Nhập khẩu;Màu sản phẩm: Trắng mây / Bạc ánh kim / Spark;Mã sản phẩm: IE0524"
5242336386595413557,Dép Adidas Chính Hãng - ADILETTE 22 SLIDES - Màu Nâu | JapanSport HQ4670,https://giaynhatchinhhang.vn/adidas-adilette-22-slides-hq4670,https://bizweb.dktcdn.net/thumb/medium/100/347/092/products/462576072-1778757652934076-5232483790617919149-n.jpg?v=1732941135543,780.000₫,1.500.000₫,Adidas,"['37', '38', '39', '40.5', '42', '43', '44.5', '46']",https://bizweb.dktcdn.net/100/347/092/products/462576072-1778757652934076-5232483790617919149-n.jpg?v=1732941135543;https://bizweb.dktcdn.net/100/347/092/products/465649248-1278645396786621-8767148551781999824-n.jpg?v=1732941143883;https://bizweb.dktcdn.net/100/347/092/products/467378224-538788309141700-879461502799520103-n.jpg?v=1732941145507;https://bizweb.dktcdn.net/100/347/092/products/462584291-605171341939091-8806799881163571551-n.jpg?v=1732941145507;https://bizweb.dktcdn.net/100/347/092/products/462648019-906932841413354-7918357158359051447-n.jpg?v=1732941145507;https://bizweb.dktcdn.net/100/347/092/products/465660122-920234880174601-8897802072054805543-n.jpg?v=1732941145507;https://bizweb.dktcdn.net/100/347/092/products/466985931-920429086895340-2274392495176472709-n.jpg?v=1732941145507;https://bizweb.dktcdn.net/100/347/092/products/467478174-622304020135255-4245748057374857240-n.jpg?v=1732941138560;https://bizweb.dktcdn.net/100/347/092/products/467479360-637673685613953-7710493061467139143-n.jpg?v=1732941138873,"ĐÔI DÉP ĐẬM CHẤT TƯƠNG LAI NÀY CÓ NGUỒN GỐC TỰ NHIÊN.;Bạn đã sẵn sàng chinh phục thế giới hay chỉ muốn đá nước tại hồ bơi? Mang ngay đôi dép adidas adilette 22 vào vì lúc đó chẳng có gì làm khó được bạn. Với thiết kế nguyên khối cho cảm giác thoải mái tối ưu, đôi dép này có thể đồng hành cùng bạn mọi lúc mọi nơi. Thiết kế hướng tới tương lai lấy cảm hứng từ địa hình và hành trình khám phá không gian. Chất liệu sinh học tự nhiên nâng niu từng sải bước để bạn có thể tiếp tục khám phá suốt ngày dài. Sản phẩm này làm từ tối thiểu 20% chất liệu tái tạo. Chuyển sang các nguồn chất liệu tái tạo mang tới nhiều lựa chọn hơn để giảm phụ thuộc vào các nguồn tài nguyên hữu hạn. Chúng tôi lựa chọn các chất liệu tái tạo vì đó là tài nguyên thiên nhiên có thể được trồng trọt lại được. Khác với chất liệu có nguồn gốc từ nhiên liệu hóa thạch sẽ bị cạn kiệt sau khi sử dụng.;Thông tin chi tiết;Dáng regular fit;Dáng slip-on;Chất liệu EVA sinh học nguyên khối chứa 25% hàm lượng thực vật có nguồn gốc từ mía;Có chứa tối thiểu 20% chất liệu tái tạo;Màu sản phẩm: Nâu nhạt;Mã sản phẩm: HQ4670"
8449503052875862181,Giày Adidas Nam Chính Hãng - PUREBOOST 5 RUNNING - Màu Đen | JapanSport IF9191,https://giaynhatchinhhang.vn/adidas-pureboost-5-running-if9191,https://bizweb.dktcdn.net/thumb/medium/100/347/092/products/462638440-1076216610951204-481669483370524181-n.jpg?v=1732940302300,1.880.000₫,3.500.000₫,Adidas,"['39', '40', '40.5', '41', '42', '42.5', '43', '44', '44.5']",https://bizweb.dktcdn.net/100/347/092/products/462638440-1076216610951204-481669483370524181-n.jpg?v=1732940302300;https://bizweb.dktcdn.net/100/347/092/products/462572023-2049104922196203-8139336597626724786-n.jpg?v=1732940302300;https://bizweb.dktcdn.net/100/347/092/products/462641552-1251908469412874-8827987144457039153-n.jpg?v=1732940307710;https://bizweb.dktcdn.net/100/347/092/products/462648273-931446072264051-1822071272435980528-n.jpg?v=1732940307710;https://bizweb.dktcdn.net/100/347/092/products/467474454-1259947561916118-6211516077258867977-n.jpg?v=1732940310690;https://bizweb.dktcdn.net/100/347/092/products/467475436-1294430285309022-610441918147844053-n.jpg?v=1732940310690;https://bizweb.dktcdn.net/100/347/092/products/467479299-560452736703460-3879223418937137193-n.jpg?v=1732940310690;https://bizweb.dktcdn.net/100/347/092/products/467482223-565886836154063-6920961729514646076-n.jpg?v=1732940312987;https://bizweb.dktcdn.net/100/347/092/products/465257056-1299293017916711-8266919391631052635-n.jpg?v=1732940312987;https://bizweb.dktcdn.net/100/347/092/products/467481673-1432407441496437-2235104465189451351-n.jpg?v=1732940312987;https://bizweb.dktcdn.net/100/347/092/products/462638390-1105382707851523-4904334856356756652-n.jpg?v=1732940312987,"Mô tảGiày chạy bộ hàng ngày được làm một phần từ vật liệu tái chế.Từ buổi chạy bộ buổi sáng đến các công việc vặt buổi chiều, hãy cảm thấy tràn đầy năng lượng cả ngày trong đôi giày chạy bộ adidas này. Đệm BOOST nhẹ nhất từ ​​trước đến nay của chúng tôi giúp bạn luôn tràn đầy năng lượng, và phần trên bằng lưới thoải mái được thiết kế để thoáng khí và hỗ trợ tối ưu. Sải bước tự tin trên mọi địa hình nhờ đế ngoài Adiwear có độ bám tốt.;Sản phẩm này có ít nhất 20% vật liệu tái chế. Bằng cách tái sử dụng các vật liệu đã được tạo ra, chúng tôi giúp giảm thiểu chất thải và sự phụ thuộc của chúng tôi vào các nguồn tài nguyên hữu hạn và giảm dấu chân của các sản phẩm chúng tôi;Chi tiết;Cỡ giày vừa vặn;Khóa ren;Mặt trên bằng lưới kỹ thuật;Lớp lót bằng vải;Light BOOST;Trọng lượng: 8,8 ounce (cỡ 9);Độ dốc đế giữa: 10 mm (gót 33 mm / bàn chân trước 23 mm);Đế ngoài Adiwear;Chứa ít nhất 20% thành phần tái chế;Nhập khẩu;Màu sản phẩm: Đen lõi / Trắng mây / Xám mức 5;Mã sản phẩm: IF9191"
7102801137556337058,Giày Adidas Nam Chính hãng - Ultraboost 5X Shoes - Màu Đen | JapanSport JH7244,https://giaynhatchinhhang.vn/adidas-ultraboost-5x-jh7244,https://bizweb.dktcdn.net/thumb/medium/100/347/092/products/adidas-ultraboost-5x-jh7244-01.jpg?v=1732898348973,2.950.000₫,5.000.000₫,adidas,"['39', '40', '40.5', '41', '42', '42.5', '43', '44', '44.5']",https://bizweb.dktcdn.net/100/347/092/products/adidas-ultraboost-5x-jh7244-01.jpg?v=1732898348973;https://bizweb.dktcdn.net/100/347/092/products/adidas-ultraboost-5x-jh7244-02.jpg?v=1732898349297;https://bizweb.dktcdn.net/100/347/092/products/adidas-ultraboost-5x-jh7244-03.jpg?v=1732898349610;https://bizweb.dktcdn.net/100/347/092/products/adidas-ultraboost-5x-jh7244-04.jpg?v=1732898349907;https://bizweb.dktcdn.net/100/347/092/products/adidas-ultraboost-5x-jh7244-05.jpg?v=1732898350207;https://bizweb.dktcdn.net/100/347/092/products/adidas-ultraboost-5x-jh7244-06.jpg?v=1732898350730;https://bizweb.dktcdn.net/100/347/092/products/adidas-ultraboost-5x-jh7244-07.jpg?v=1732898351237;https://bizweb.dktcdn.net/100/347/092/products/adidas-ultraboost-5x-jh7244-08.jpg?v=1732898351780;https://bizweb.dktcdn.net/100/347/092/products/adidas-ultraboost-5x-jh7244-09.jpg?v=1732898352103,
6026344640384212140,Giày Adidas Nam Nữ Chính Hãng - Runfalcon 3.0 - Màu Đen | JapanSport HP7544,https://giaynhatchinhhang.vn/adidas-runfalcon-3-0-hp7544,https://bizweb.dktcdn.net/thumb/medium/100/347/092/products/b572cea3-eb71-48d4-bc21-465ccde400ea.jpg?v=1753944757767,1.100.000₫,,Adidas,"['39', '40', '40.5', '41', '42', '42.5', '43', '44', '44.5']",https://bizweb.dktcdn.net/100/347/092/products/b572cea3-eb71-48d4-bc21-465ccde400ea.jpg?v=1753944757767;https://bizweb.dktcdn.net/100/347/092/products/3521041f-6f87-4098-b09f-29a0eba9e857.jpg?v=1753944757767;https://bizweb.dktcdn.net/100/347/092/products/959e8a52-c6f6-4c93-82a5-d9689148e3cf.jpg?v=1753944578733;https://bizweb.dktcdn.net/100/347/092/products/c67ac703-f566-4ee4-825f-3c5b200c68b5.jpg?v=1753944578733;https://bizweb.dktcdn.net/100/347/092/products/337c88a4-8c3d-4e8f-9ea0-13b3d85dbca8.jpg?v=1753944578733;https://bizweb.dktcdn.net/100/347/092/products/f1b6bffb-0184-4f83-a14a-dbf26f352378.jpg?v=1753944578733;https://bizweb.dktcdn.net/100/347/092/products/78ef2eb5-0dd3-4768-8f9b-9f20aacaf7e5.jpg?v=1753944578733;https://bizweb.dktcdn.net/100/347/092/products/2785fde6-6b31-41f2-9762-10cb6ce36363.jpg?v=1753944576997;https://bizweb.dktcdn.net/100/347/092/products/b9849f28-6c60-48ee-bace-d0f20bb61275.jpg?v=1753944576997,"Adidas Runfalcon 3.0 HP7544;Mô tảĐôi giày chạy bộ êm ái có sử dụng chất liệu tái chế.Chạy bộ trong công viên hoặc dạo bước tới quán cafe với đôi giày chạy bộ adidas đa năng này. Giày mang đến cảm giác dễ chịu ngay từ giây phút mới xỏ chân vào nhờ đế giữa Cloudfoam êm ái. Thân giày bằng vải dệt cho cảm giác thoải mái và thoáng khí, cùng đế ngoài bằng cao su cho độ bám vượt trội để sải bước thêm phần tự tin.;Làm từ một loạt chất liệu tái chế, thân giày có chứa tối thiểu 50% thành phần tái chế. Sản phẩm này đại diện cho một trong số rất nhiều các giải pháp của chúng tôi hướng tới chấm dứt rác thải nhựa.;Thông tin chi tiết;Dáng regular fit;Có dây giày;Thân giày bằng vải dệt;Đế giữa Cloudfoam;Lớp lót bằng vải dệt;Trọng lượng: 286 gram (size UK 8.5);Chênh lệch độ cao đế giữa: 10 mm (gót giày: 29,2 mm / mũi giày: 19,2 mm);Đế ngoài bằng cao su;Thân giày có chứa tối thiểu 50% thành phần tái chế;Màu sản phẩm: Đen lõi / Carbon;Mã sản phẩm: HP7544"
6478821848646557961,Giày Adidas Chính Hãng - EQ19 RUN - Màu Đen | JapanSport JR0247,https://giaynhatchinhhang.vn/adidas-eq19-jr0247,https://bizweb.dktcdn.net/thumb/medium/100/347/092/products/eq19-run-shoes-black-h00924-01-4177278d-ad31-43b4-8497-d71be1177fd6.jpg?v=1732084962250,1.180.000₫,2.200.000₫,ADIDAS GLOBAL,"['39', '40', '40.5', '41', '42', '42.5', '43', '44', '44.5']",https://bizweb.dktcdn.net/100/347/092/products/eq19-run-shoes-black-h00924-01-4177278d-ad31-43b4-8497-d71be1177fd6.jpg?v=1732084962250;https://bizweb.dktcdn.net/100/347/092/products/eq19-run-shoes-black-h00924-06-079d0399-f796-4f75-8601-c9f19b7968f0.jpg?v=1732084962250;https://bizweb.dktcdn.net/100/347/092/products/eq19-run-shoes-black-h00924-02-ab62ca8a-1354-4dae-8a76-e0108f1bdb08.jpg?v=1732084962250;https://bizweb.dktcdn.net/100/347/092/products/eq19-run-shoes-black-h00924-03-6339ed4d-cc6f-4a66-becd-1cef780f577f.jpg?v=1732084962250;https://bizweb.dktcdn.net/100/347/092/products/eq19-run-shoes-black-h00924-04-b959a801-ca1a-426c-86c1-b5f5eec76bdc.jpg?v=1732084962250;https://bizweb.dktcdn.net/100/347/092/products/eq19-run-shoes-black-h00924-05-03d4b8da-d516-4ca8-9d48-40cee262c08b.jpg?v=1732084962250,"EQ19 RUN JR0247;GIÀY SIÊU BỀN.Không quan trọng bạn đi bao xa. Bốn khối, hoặc bốn dặm. Dù bạn che phủ mặt đất nào, đôi giày chạy bộ adidas này đều đệm cho mọi lần cất cánh và hạ cánh, nhờ vào đế giữa Cloudfoam. Họ tăng cường yếu tố thở, vì vậy trong khi bạn ra ngoài cung cấp cho nó những gì bạn có, họ đang cung cấp một số cứu trợ mát mẻ.;THÔNG SỐ;Đóng ren;Dệt may phía trên với hỗ trợ TPU;Cảm giác thoáng khí cao;Dệt may lót;Đế giữa của Cloudfoam;Đế giày cao su;Màu sắc: Đen lõi / Trắng mây / Đen lõi;Mã sản phẩm: H00924"
